,Transmission,Drive,Drive Type,Engine Size,Engine Cylinders,City MPG,Highway MPG,Fuel,Super,Class
0,Automatic,2 wheel,Front,1.4,4.0,29.0,40.0,Gas,Turbo,Sedan
1,Automatic,2 wheel,Rear,4.4,8.0,17,24.0,Gas,Turbo,Convertible
2,Automatic,2 wheel,Rear,3.0,6.0,20,25.0,Diesel,Turbo,Truck
3,Automatic,2 wheel,Rear,2.0,4.0,23,32.0,Gas,Turbo,Convertible
4,Automatic,All wheel,-1,2.0,4.0,23,31.0,Gas,Turbo,Convertible
5,Automatic,2 wheel,Rear,2.0,4.0,19,23.0,Gas,Turbo,Van
6,Manual,2 wheel,Front,1.4,4.0,31,40.0,Gas,None,Convertible
7,Automatic,2 wheel,Front,3.6,6.0,18,28.0,Gas,None,Van
8,Automatic,All wheel,-1,3.6,6.0,18,27.0,Gas,None,Sedan
9,Automatic,2 wheel,Front,3.5,6.0,21,28.0,Gas,None,Suv-crossover
10,Automatic,2 wheel,Rear,4.7,8.0,13,17.0,Gas,None,Truck
11,Automatic,2 wheel,Front,3.6,6.0,18,28.0,Gas,None,Van
12,Automatic,2 wheel,Rear,3.0,6.0,18,26.0,Gas,None,Convertible
13,Automatic,2 wheel,Front,1.6,4.0,33,41.0,Gas,None,Sedan
14,Automatic,2 wheel,Rear,6.0,8.0,-1,-1.0,Flexible,None,Van
15,Automatic,2 wheel,Front,3.5,6.0,19,27.0,Gas,None,Van
16,Automatic,2 wheel,Front,3.6,6.0,18,28.0,Gas,None,Van
17,Automatic,2 wheel,Front,1.5,4.0,23.0,34.0,Gas,Turbo,Sedan
18,Automatic,4 wheel,-1,6.6,8.0,-1,-1.0,Gas,None,Truck
19,Automatic,All wheel,-1,3.0,6.0,19,23.0,Gas,Turbo,Suv-crossover
20,Automatic,2 wheel,Front,3.5,6.0,19,26.0,Gas,None,Van
21,Automatic,4 wheel,-1,3.5,6.0,18,22.0,Gas,None,Truck
22,Automatic,4 wheel,-1,5.3,8.0,16,22.0,Gas,None,Truck
23,Automatic,4 wheel,-1,5.7,8.0,19,24.0,Gas,None,Truck
24,Automatic,4 wheel,-1,2.4,4.0,22,28.0,Gas,None,Suv-crossover
25,Automatic,2 wheel,Front,3.5,6.0,19,27.0,Gas,None,Van
26,Automatic,2 wheel,Front,3.5,6.0,20,30.0,Gas,None,Sedan
27,Automatic,2 wheel,Rear,2.0,4.0,23,33.0,Gas,Turbo,Convertible
28,Automatic,2 wheel,Front,2.5,4.0,22,30.0,Gas,None,Suv-crossover
29,Automatic,2 wheel,Rear,6.6,8.0,-1,-1.0,Gas,None,Truck
30,Automatic,2 wheel,Rear,2.3,4.0,21,26.0,Gas,Turbo,Truck
31,Automatic,4 wheel,-1,5.7,8.0,13,18.0,Flexible,None,Truck
32,Automatic,2 wheel,Front,3.6,6.0,19,28.0,Gas,None,Van
33,Automatic,2 wheel,Front,3.6,6.0,17,25.0,Flexible,None,Van
34,Automatic,2 wheel,Front,1.8,4.0,28,37.0,Gas,None,Sedan
35,Automatic,2 wheel,Front,3.5,6.0,19,27.0,Gas,None,Van
36,Manual,2 wheel,Rear,2.0,4.0,26,33.0,Gas,None,Convertible
37,Automatic,4 wheel,-1,3.5,6.0,18,22.0,Gas,None,Truck
38,Automatic,2 wheel,Front,1.5,4.0,30.0,38.0,Gas,Turbo,Sedan
39,Automatic,All wheel,-1,3.8,6.0,19,24.0,Gas,None,Suv-crossover
40,Automatic,2 wheel,Front,1.4,4.0,30,39.0,Gas,Turbo,Sedan
41,Automatic,2 wheel,Rear,3.0,6.0,23,30.0,Gas,Turbo,Convertible
42,Automatic,4 wheel,-1,5.7,8.0,13,17.0,Gas,None,Truck
43,Automatic,2 wheel,Rear,2.0,4.0,22,30.0,Gas,Turbo,Sedan
44,Automatic,2 wheel,Rear,3.0,6.0,24,31.0,Gas,Turbo,Convertible
45,Automatic,4 wheel,-1,3.5,6.0,16,22.0,Gas,Turbo,Suv-crossover
46,Automatic,All wheel,-1,2.5,5.0,19.0,28.0,Gas,Turbo,Sedan
47,Automatic,All wheel,-1,3.5,6.0,19,26.0,Gas,None,Suv-crossover
48,Automatic,2 wheel,Rear,3.6,6.0,19,28.0,Gas,None,Convertible
49,Automatic,2 wheel,Rear,3.0,6.0,20,28.0,Gas,Turbo,Convertible
50,Automatic,All wheel,-1,3.5,6.0,20,28.0,Gas,None,Sedan
51,Manual,2 wheel,Rear,2.0,4.0,27,34.0,Gas,None,Convertible
52,Automatic,2 wheel,Front,1.8,4.0,28,36.0,Gas,None,Sedan
53,Automatic,All wheel,-1,2.5,4.0,26.0,35.0,Gas,None,Sedan
54,Automatic,2 wheel,Front,2.0,4.0,24,31.0,Gas,Turbo,Suv-crossover
55,Automatic,All wheel,-1,2.0,4.0,19,26.0,Gas,Turbo,Suv-crossover
56,Automatic,All wheel,-1,2.0,4.0,24,31.0,Gas,Turbo,Suv-crossover
57,Automatic,2 wheel,Front,3.6,6.0,17,25.0,Flexible,None,Van
58,Automatic,2 wheel,Rear,2.0,4.0,26,36.0,Gas,None,Convertible
59,Automatic,2 wheel,Rear,3.0,6.0,21,29.0,Gas,Turbo,Sedan
60,Automatic,All wheel,-1,2.0,4.0,19,23.0,Gas,Turbo,Suv-crossover
61,Automatic,4 wheel,-1,5.3,8.0,15,21.0,Gas,None,Truck
62,Automatic,2 wheel,Rear,5.7,8.0,20,25.0,Gas,None,Truck
63,Automatic,4 wheel,-1,6.4,8.0,-1,-1.0,Gas,None,Truck
64,Automatic,2 wheel,Rear,2.0,4.0,21.0,30.0,Gas,Turbo,Sedan
65,Automatic,4 wheel,-1,6.7,6.0,-1,-1.0,Diesel,Turbo,Truck
66,Automatic,2 wheel,Front,1.5,4.0,30.0,38.0,Gas,Turbo,Sedan
67,Automatic,All wheel,-1,3.5,6.0,18,24.0,Gas,None,Van
68,Automatic,2 wheel,Front,3.6,6.0,17,25.0,Flexible,None,Van
69,Automatic,2 wheel,Front,3.6,6.0,32,33.0,Gas,None,Van
70,Automatic,2 wheel,Front,3.5,6.0,19,29.0,Gas,None,Sedan
71,Automatic,2 wheel,Front,3.6,6.0,18,28.0,Gas,None,Van
72,Automatic,2 wheel,Front,1.6,4.0,27,34.0,Gas,Turbo,Convertible
73,Automatic,2 wheel,Rear,4.7,8.0,17,25.0,Gas,Turbo,Convertible
74,Manual,2 wheel,Front,2.0,4.0,25,33.0,Gas,Turbo,Sedan
75,Automatic,2 wheel,Rear,5.4,8.0,14,20.0,Flexible,None,Truck
76,Automatic,4 wheel,-1,3.5,6.0,17,23.0,Flexible,None,Truck
77,Automatic,4 wheel,-1,2.7,4.0,19,22.0,Gas,Turbo,Truck
78,Automatic,4 wheel,-1,2.0,4.0,23,29.0,Gas,None,Suv-crossover
79,Automatic,2 wheel,Rear,6.2,8.0,17,27.0,Gas,None,Convertible
80,Automatic,2 wheel,Rear,3.4,6.0,-1,-1.0,Gas,None,Convertible
81,Automatic,All wheel,-1,2.0,4.0,19,23.0,Gas,Turbo,Suv-crossover
82,Automatic,2 wheel,Front,2.0,4.0,24.0,37.0,Gas,Turbo,Sedan
83,Automatic,All wheel,-1,2.0,4.0,23,31.0,Gas,Turbo,Sedan
84,Automatic,2 wheel,Rear,6.7,6.0,-1,-1.0,Diesel,Turbo,Truck
85,Automatic,2 wheel,Front,3.5,6.0,20,30.0,Gas,None,Sedan
86,Automatic,2 wheel,Front,3.6,6.0,17,25.0,Flexible,None,Van
87,Automatic,2 wheel,Rear,5.3,8.0,17,23.0,Gas,None,Truck
88,Manual,All wheel,-1,5.0,10.0,10,15.0,Gas,None,Convertible
89,Automatic,4 wheel,-1,5.7,8.0,13,17.0,Gas,None,Truck
90,Automatic,All wheel,-1,3.0,6.0,20,29.0,Gas,Turbo,Convertible
91,Automatic,All wheel,-1,5.6,8.0,13,19.0,Gas,None,Suv-crossover
92,Automatic,2 wheel,Rear,3.5,6.0,21.0,30.0,Gas,None,Sedan
93,Automatic,4 wheel,-1,5.7,8.0,13,17.0,Flexible,None,Suv-crossover
94,Automatic,2 wheel,Front,2.0,4.0,22.0,32.0,Gas,Turbo,Sedan
95,Automatic,All wheel,-1,2.5,6.0,20,27.0,Gas,None,Sedan
96,Automatic,2 wheel,Rear,2.0,4.0,21,28.0,Gas,None,Convertible
97,Automatic,2 wheel,Rear,5.7,8.0,17,25.0,Gas,None,Truck
98,Automatic,4 wheel,-1,2.0,4.0,21,28.0,Gas,Turbo,Suv-crossover
99,Automatic,2 wheel,Rear,5.6,8.0,14,20.0,Gas,None,Suv-crossover
100,Manual,2 wheel,Rear,2.0,4.0,26,33.0,Gas,None,Convertible
101,Automatic,2 wheel,Rear,5.3,8.0,20,23.0,Gas,None,Truck
102,Automatic,2 wheel,Front,1.5,4.0,30,38.0,Gas,Turbo,Sedan
103,Automatic,2 wheel,Rear,2.3,4.0,21,28.0,Gas,Turbo,Suv-crossover
104,Automatic,2 wheel,Front,3.5,6.0,19,27.0,Gas,None,Van
105,Automatic,All wheel,-1,3.5,6.0,18,24.0,Gas,None,Van
106,Automatic,All wheel,-1,2.0,4.0,23,31.0,Gas,Turbo,Suv-crossover
107,Automatic,2 wheel,Rear,5.3,8.0,14,18.0,Gas,None,Truck
108,Automatic,2 wheel,Rear,5.3,8.0,15,21.0,Flexible,None,Truck
109,Automatic,4 wheel,-1,5.7,8.0,19,24.0,Gas,None,Truck
110,Automatic,4 wheel,-1,1.5,3.0,25,28.0,Gas,Turbo,Suv-crossover
111,Automatic,2 wheel,Front,3.6,6.0,29,30.0,Gas,None,Van
112,Automatic,2 wheel,Rear,4.0,8.0,15,20.0,Gas,Turbo,Convertible
113,Automatic,All wheel,-1,3.6,6.0,18,25.0,Gas,None,Suv-crossover
114,Automatic,2 wheel,Front,2.4,4.0,24,35.0,Gas,None,Sedan
115,Automatic,2 wheel,Rear,3.4,6.0,-1,-1.0,Gas,None,Convertible
116,Automatic,All wheel,-1,3.5,6.0,19,24.0,Gas,None,Truck
117,Automatic,2 wheel,Front,3.3,6.0,18,24.0,Gas,None,Van
118,Automatic,2 wheel,Rear,3.6,6.0,18,25.0,Gas,None,Truck
119,Automatic,2 wheel,Rear,4.0,6.0,17,21.0,Gas,None,Suv-crossover
120,Automatic,2 wheel,Front,3.3,6.0,19,26.0,Gas,None,Van
121,Manual,2 wheel,Front,1.6,4.0,25,32.0,Gas,Turbo,Sedan
122,Manual,2 wheel,Rear,-1.0,-1.0,10,16.0,Gas,None,Convertible
123,Automatic,2 wheel,Rear,5.7,8.0,15,22.0,Gas,None,Truck
124,Automatic,All wheel,-1,2.0,4.0,29,33.0,Gas,None,Suv-crossover
125,Automatic,2 wheel,Front,2.5,4.0,26.0,38.0,Gas,None,Sedan
126,Automatic,2 wheel,Rear,2.3,4.0,21,26.0,Gas,Turbo,Truck
127,Automatic,2 wheel,Rear,3.6,6.0,17,25.0,Flexible,None,Truck
128,Automatic,4 wheel,-1,2.3,4.0,20,24.0,Gas,Turbo,Truck
129,Manual,2 wheel,Rear,5.7,8.0,15,24.0,Gas,None,Convertible
130,Automatic,All wheel,-1,3.5,6.0,19,24.0,Gas,None,Suv-crossover
131,Automatic,2 wheel,Rear,2.0,4.0,23,30.0,Gas,Turbo,Convertible
132,Automatic,2 wheel,Front,3.3,6.0,18,24.0,Gas,None,Van
133,Automatic,2 wheel,Rear,6.2,8.0,15,22.0,Gas,None,Suv-crossover
134,Manual,2 wheel,Rear,5.7,10.0,9,15.0,Gas,None,Convertible
135,Automatic,2 wheel,Front,2.4,4.0,24,35.0,Gas,None,Sedan
136,Automatic,2 wheel,Front,1.8,4.0,28,34.0,Gas,None,Suv-crossover
137,Automatic,2 wheel,Rear,2.0,4.0,22,29.0,Gas,Turbo,Convertible
138,Automatic,All wheel,-1,5.7,8.0,14,22.0,Gas,None,Suv-crossover
139,Automatic,All wheel,-1,2.0,4.0,22,34.0,Gas,Turbo,Convertible
140,Manual,All wheel,-1,2.5,4.0,17,22.0,Gas,Turbo,Sedan
141,Automatic,All wheel,-1,1.6,4.0,24,28.0,Gas,Turbo,Suv-crossover
142,Automatic,All wheel,-1,3.0,6.0,20,25.0,Gas,Turbo,Suv-crossover
143,Automatic,2 wheel,Front,3.5,6.0,18,25.0,Gas,None,Van
144,Automatic,2 wheel,Front,3.6,6.0,32,33.0,Gas,None,Van
145,Automatic,2 wheel,Front,2.0,4.0,20,27.0,Gas,Turbo,Suv-crossover
146,Automatic,2 wheel,Front,3.5,6.0,17,23.0,Gas,None,Van
147,Automatic,All wheel,-1,3.0,6.0,16,24.0,Gas,Turbo,Sedan
148,Automatic,2 wheel,Rear,3.7,6.0,18,25.0,Gas,None,Convertible
149,Automatic,All wheel,-1,2.0,4.0,22.0,28.0,Gas,Turbo,Sedan
150,Automatic,2 wheel,Front,1.5,4.0,31,42.0,Gas,Turbo,Sedan
151,Automatic,2 wheel,Front,1.8,4.0,-1,-1.0,Gas,None,Sedan
152,Automatic,2 wheel,Front,3.5,6.0,19,28.0,Gas,None,Van
153,Automatic,2 wheel,Front,1.8,4.0,53,52.0,Gas,None,Sedan
154,Automatic,2 wheel,Front,3.6,6.0,19,28.0,Gas,None,Van
155,Automatic,2 wheel,Front,2.0,4.0,22.0,32.0,Gas,Turbo,Sedan
156,Automatic,All wheel,-1,3.5,6.0,18,24.0,Gas,None,Van
157,Automatic,All wheel,-1,3.0,6.0,18,25.0,Gas,Turbo,Sedan
158,Automatic,2 wheel,Rear,2.0,4.0,21,27.0,Gas,Turbo,Convertible
159,Automatic,2 wheel,Front,3.0,6.0,17,21.0,Gas,None,Suv-crossover
160,Automatic,2 wheel,Rear,5.7,8.0,15,22.0,Gas,None,Truck
161,Automatic,4 wheel,-1,5.4,8.0,14,18.0,Flexible,None,Truck
162,Automatic,2 wheel,Rear,5.0,8.0,-1,-1.0,Gas,None,Convertible
163,Automatic,2 wheel,Front,2.4,4.0,26,35.0,Gas,None,Sedan
164,Automatic,4 wheel,-1,4.0,6.0,14,20.0,Gas,None,Suv-crossover
165,Automatic,4 wheel,-1,2.3,4.0,20,27.0,Gas,Turbo,Suv-crossover
166,Automatic,All wheel,-1,3.8,6.0,-1,-1.0,Gas,None,Convertible
167,Automatic,2 wheel,Rear,5.3,8.0,15,22.0,Gas,None,Truck
168,Automatic,2 wheel,Rear,3.5,6.0,-1,-1.0,Flexible,None,Van
169,Automatic,2 wheel,Rear,4.0,8.0,17.0,27.0,Gas,Turbo,Sedan
170,Automatic,All wheel,-1,2.5,4.0,28,39.0,Gas,None,Sedan
171,Automatic,2 wheel,Front,1.6,4.0,33,41.0,Gas,None,Sedan
172,Automatic,4 wheel,-1,2.5,4.0,21,27.0,Gas,None,Suv-crossover
173,Automatic,2 wheel,Front,3.6,6.0,-1,-1.0,Gas,None,Van
174,Manual,2 wheel,Rear,2.0,4.0,27,34.0,Gas,None,Convertible
175,Automatic,4 wheel,-1,4.7,8.0,15,19.0,Gas,None,Suv-crossover
176,Automatic,All wheel,-1,2.0,4.0,22,32.0,Gas,Turbo,Convertible
177,Automatic,4 wheel,-1,5.7,8.0,19,24.0,Gas,None,Truck
178,Automatic,2 wheel,Rear,6.2,8.0,15,25.0,Gas,None,Convertible
179,Automatic,2 wheel,Rear,6.2,8.0,16,26.0,Gas,None,Convertible
180,Automatic,2 wheel,Front,3.6,6.0,17,25.0,Flexible,None,Van
181,Automatic,2 wheel,Front,3.5,6.0,19,27.0,Gas,None,Van
182,Automatic,All wheel,-1,3.0,6.0,17,22.0,Gas,Turbo,Suv-crossover
183,Automatic,4 wheel,-1,3.5,6.0,15,18.0,Gas,Turbo,Truck
184,Automatic,2 wheel,Front,3.6,6.0,19,28.0,Gas,None,Van
185,Automatic,4 wheel,-1,5.7,8.0,13,17.0,Gas,None,Truck
186,Automatic,2 wheel,Front,1.8,4.0,29,37.0,Gas,None,Sedan
187,Manual,2 wheel,Rear,8.0,10.0,12,20.0,Gas,None,Convertible
188,Automatic,2 wheel,Front,3.5,6.0,19,27.0,Gas,None,Van
189,Automatic,2 wheel,Front,3.3,6.0,18,25.0,Gas,None,Van
190,Automatic,2 wheel,Rear,3.0,6.0,21,29.0,Gas,Turbo,Sedan
191,Automatic,2 wheel,Front,2.4,4.0,24,34.0,Gas,None,Sedan
192,Automatic,2 wheel,Rear,5.3,8.0,16,19.0,Gas,None,Truck
193,Automatic,2 wheel,Front,3.5,6.0,19,27.0,Gas,None,Van
194,Automatic,2 wheel,Rear,2.0,4.0,26,35.0,Gas,None,Convertible
195,Automatic,4 wheel,-1,5.3,8.0,15,21.0,Gas,None,Truck
196,Automatic,2 wheel,Front,3.5,6.0,19,26.0,Gas,None,Van
197,Automatic,2 wheel,Front,3.5,6.0,22.0,32.0,Gas,None,Sedan
198,Automatic,4 wheel,-1,6.2,8.0,15,21.0,Gas,None,Truck
199,Automatic,2 wheel,Front,1.8,4.0,28,34.0,Gas,None,Suv-crossover
200,Manual,2 wheel,Rear,2.0,4.0,22,27.0,Gas,None,Convertible
201,Automatic,4 wheel,Rear,4.6,8.0,-1,-1.0,Gas,None,Suv-crossover
202,Automatic,4 wheel,-1,6.4,8.0,-1,-1.0,Gas,None,Truck
203,Automatic,2 wheel,Front,3.5,6.0,19,28.0,Gas,None,Van
204,Automatic,2 wheel,Front,1.5,4.0,30.0,38.0,Gas,Turbo,Sedan
205,Automatic,4 wheel,-1,3.8,6.0,-1,-1.0,Gas,None,Suv-crossover
206,Automatic,2 wheel,Front,3.6,6.0,17,25.0,Flexible,None,Van
207,Automatic,4 wheel,-1,5.7,8.0,19,24.0,Gas,None,Truck
208,Automatic,2 wheel,Rear,5.3,8.0,16,23.0,Gas,None,Truck
209,Automatic,2 wheel,Front,1.5,4.0,30,38.0,Gas,Turbo,Sedan
210,Automatic,4 wheel,-1,3.6,6.0,16,23.0,Flexible,None,Truck
211,Automatic,All wheel,-1,3.0,6.0,21,27.0,Gas,None,Sedan
212,Automatic,2 wheel,Rear,3.5,6.0,18,24.0,Flexible,None,Truck
213,Automatic,2 wheel,Rear,5.0,8.0,-1,-1.0,Diesel,Turbo,Truck
214,Automatic,2 wheel,Front,1.5,4.0,30.0,38.0,Gas,Turbo,Sedan
215,Automatic,2 wheel,Front,2.4,4.0,22,30.0,Gas,None,Suv-crossover
216,Automatic,4 wheel,-1,6.2,8.0,19,22.0,Gas,None,Truck
217,Automatic,2 wheel,Rear,4.6,8.0,13,17.0,Flexible,None,Van
218,Automatic,2 wheel,Front,2.4,4.0,23,32.0,Gas,None,Sedan
219,Automatic,2 wheel,Front,3.6,6.0,18,28.0,Gas,None,Van
220,Automatic,All wheel,-1,2.0,4.0,22.0,32.0,Gas,Turbo,Sedan
221,Automatic,2 wheel,Front,2.0,4.0,24,29.0,Flexible,None,Van
222,Automatic,4 wheel,-1,5.7,8.0,13,17.0,Gas,None,Truck
223,Automatic,2 wheel,Rear,3.5,6.0,19,30.0,Gas,Turbo,Sedan
224,Automatic,2 wheel,Front,1.5,4.0,27,36.0,Gas,Turbo,Sedan
225,Automatic,4 wheel,-1,3.6,6.0,16,23.0,Flexible,None,Truck
226,Automatic,4 wheel,-1,5.7,8.0,13,17.0,Flexible,None,Truck
227,Automatic,2 wheel,Rear,2.5,6.0,21,30.0,Gas,None,Convertible
228,Manual,2 wheel,Rear,5.0,8.0,16,25.0,Gas,None,Convertible
229,Automatic,2 wheel,Rear,3.7,6.0,-1,-1.0,Flexible,None,Van
230,Automatic,2 wheel,Front,1.8,4.0,29.0,37.0,Gas,None,Sedan
231,Automatic,4 wheel,-1,2.4,4.0,21,27.0,Gas,None,Suv-crossover
232,Automatic,4 wheel,-1,4.0,6.0,17,22.0,Gas,None,Suv-crossover
233,Automatic,2 wheel,Front,2.5,4.0,27,35.0,Gas,None,Suv-crossover
234,Automatic,2 wheel,Rear,4.0,6.0,16,23.0,Gas,None,Truck
235,Automatic,2 wheel,Rear,6.2,8.0,17,27.0,Gas,None,Convertible
236,Automatic,4 wheel,-1,6.4,8.0,-1,-1.0,Gas,None,Truck
237,Automatic,2 wheel,Front,2.5,4.0,36,36.0,Gas,None,Van
238,Automatic,All wheel,-1,3.5,6.0,18,25.0,Gas,None,Suv-crossover
239,Automatic,2 wheel,Front,2.0,4.0,24,26.0,Gas,None,Van
240,Automatic,4 wheel,Rear,4.6,8.0,-1,-1.0,Gas,None,Suv-crossover
241,Automatic,2 wheel,Front,3.5,6.0,19,27.0,Gas,None,Van
242,Automatic,All wheel,-1,3.0,6.0,21,31.0,Gas,Turbo,Convertible
243,Automatic,2 wheel,Front,2.5,4.0,36,36.0,Gas,None,Van
244,Automatic,2 wheel,Rear,4.3,6.0,18,24.0,Flexible,None,Truck
245,Automatic,4 wheel,-1,3.6,6.0,16,23.0,Flexible,None,Truck
246,Automatic,All wheel,-1,1.5,4.0,27,33.0,Gas,Turbo,Suv-crossover
247,Automatic,4 wheel,-1,3.5,6.0,18,22.0,Gas,None,Truck
248,Automatic,2 wheel,Rear,3.0,6.0,19,28.0,Gas,Turbo,Sedan
249,Automatic,2 wheel,Front,2.0,4.0,25,35.0,Gas,Turbo,Sedan
250,Automatic,2 wheel,Front,1.6,4.0,20,27.0,Gas,Turbo,Convertible
251,Automatic,4 wheel,-1,6.6,8.0,-1,-1.0,Diesel,Turbo,Truck
252,Automatic,2 wheel,Rear,5.0,8.0,20,26.0,Flexible,None,Truck
253,Automatic,2 wheel,Rear,3.7,6.0,17,25.0,Gas,None,Convertible
254,Automatic,2 wheel,Rear,4.6,8.0,15,22.0,Gas,None,Convertible
255,Automatic,2 wheel,Rear,3.7,6.0,-1,-1.0,Gas,None,Van
256,Automatic,2 wheel,Front,2.0,4.0,22,32.0,Gas,Turbo,Sedan
257,Automatic,4 wheel,-1,6.7,8.0,-1,-1.0,Diesel,Turbo,Truck
258,Automatic,2 wheel,Front,2.0,4.0,30,38.0,Gas,None,Sedan
259,Automatic,2 wheel,Front,2.0,4.0,29,37.0,Gas,None,Sedan
260,Automatic,2 wheel,Front,3.5,6.0,19,28.0,Gas,None,Van
261,Automatic,All wheel,-1,2.0,4.0,20,27.0,Gas,Turbo,Suv-crossover
262,Automatic,4 wheel,-1,6.2,8.0,-1,-1.0,Flexible,None,Truck
263,Automatic,2 wheel,Front,2.5,4.0,20,27.0,Flexible,None,Van
264,Automatic,2 wheel,Rear,3.6,6.0,18,25.0,Gas,None,Truck
265,Automatic,4 wheel,-1,5.6,8.0,15,21.0,Gas,None,Truck
266,Automatic,2 wheel,Front,1.8,4.0,23,33.0,Gas,Turbo,Convertible
267,Automatic,2 wheel,Front,3.6,6.0,18,28.0,Flexible,None,Sedan
268,Automatic,2 wheel,Front,2.0,4.0,26,33.0,Gas,Turbo,Convertible
269,Manual,2 wheel,Rear,2.0,4.0,26,34.0,Gas,None,Convertible
270,Automatic,2 wheel,Rear,3.0,6.0,21,31.0,Gas,None,Sedan
271,Automatic,2 wheel,Front,1.8,4.0,28,36.0,Gas,None,Sedan
272,Automatic,2 wheel,Front,3.6,6.0,18,28.0,Gas,None,Van
273,Automatic,2 wheel,Front,3.6,6.0,29,30.0,Gas,None,Van
274,Automatic,2 wheel,Front,2.5,4.0,22,28.0,Gas,None,Suv-crossover
275,Automatic,2 wheel,Rear,2.0,4.0,26,35.0,Gas,None,Convertible
276,Automatic,2 wheel,Front,1.6,4.0,20,27.0,Gas,Turbo,Convertible
277,Automatic,2 wheel,Front,3.5,6.0,19,27.0,Gas,None,Suv-crossover
278,Automatic,4 wheel,-1,5.7,8.0,13,17.0,Gas,None,Truck
279,Automatic,2 wheel,Front,2.0,4.0,24,33.0,Gas,Turbo,Suv-crossover
280,Automatic,2 wheel,Front,3.5,6.0,19,27.0,Gas,None,Van
281,Automatic,4 wheel,-1,5.3,8.0,13,18.0,Flexible,None,Truck
282,Manual,2 wheel,Rear,3.6,6.0,16,24.0,Gas,None,Convertible
283,Automatic,2 wheel,Rear,5.7,8.0,20,25.0,Gas,None,Truck
284,Automatic,All wheel,-1,3.0,6.0,18,26.0,Gas,Turbo,Sedan
285,Automatic,2 wheel,Rear,2.5,4.0,20,26.0,Gas,None,Truck
286,Automatic,2 wheel,Front,3.5,6.0,19,27.0,Gas,None,Van
287,Automatic,2 wheel,Front,3.5,6.0,19,26.0,Gas,None,Van
288,Automatic,4 wheel,-1,1.3,4.0,23,29.0,Gas,Turbo,Suv-crossover
289,Automatic,2 wheel,Rear,3.5,6.0,20,29.0,Gas,None,Convertible
290,Automatic,All wheel,-1,2.0,4.0,24,34.0,Gas,Turbo,Convertible
291,Automatic,4 wheel,-1,5.7,8.0,15,21.0,Gas,None,Truck
292,Automatic,2 wheel,Rear,6.6,8.0,-1,-1.0,Gas,None,Truck
293,Automatic,2 wheel,Front,1.8,4.0,24,32.0,Gas,Turbo,Convertible
294,Automatic,All wheel,-1,3.5,6.0,18,22.0,Gas,None,Suv-crossover
295,Automatic,2 wheel,Front,1.5,4.0,32,42.0,Gas,Turbo,Sedan
296,Automatic,4 wheel,-1,3.0,6.0,18,24.0,Gas,Turbo,Suv-crossover
297,Automatic,2 wheel,Rear,2.5,4.0,20,26.0,Gas,None,Truck
298,Automatic,All wheel,-1,3.0,6.0,17,23.0,Gas,Turbo,Suv-crossover
299,Automatic,2 wheel,Rear,5.0,8.0,15,24.0,Gas,None,Convertible
300,Automatic,2 wheel,Front,3.5,6.0,19,28.0,Gas,None,Van
301,Automatic,2 wheel,Front,3.5,6.0,19,27.0,Gas,None,Van
302,Automatic,2 wheel,Front,2.5,4.0,27.0,38.0,Gas,None,Sedan
303,Automatic,2 wheel,Rear,3.0,6.0,20,25.0,Diesel,Turbo,Truck
304,Automatic,All wheel,-1,5.5,8.0,15.0,23.0,Gas,Turbo,Sedan
305,Automatic,2 wheel,Front,3.5,6.0,19,28.0,Gas,None,Van
306,Automatic,2 wheel,Front,3.5,6.0,19,27.0,Gas,None,Van
307,Automatic,All wheel,-1,2.4,4.0,21,25.0,Gas,None,Suv-crossover
308,Automatic,2 wheel,Front,3.5,6.0,19,27.0,Gas,None,Van
309,Automatic,4 wheel,-1,5.3,8.0,14,18.0,Gas,None,Truck
310,Automatic,2 wheel,Front,2.5,4.0,36,36.0,Gas,None,Van
311,Automatic,4 wheel,-1,5.3,8.0,15,20.0,Flexible,None,Truck
312,Automatic,4 wheel,-1,3.6,6.0,18,25.0,Gas,None,Suv-crossover
313,Automatic,2 wheel,Front,2.5,4.0,27,38.0,Gas,None,Sedan
314,Automatic,2 wheel,Front,3.5,6.0,19,26.0,Gas,None,Van
315,Automatic,All wheel,-1,2.0,4.0,19,23.0,Gas,Turbo,Suv-crossover
316,Automatic,2 wheel,Front,3.5,6.0,19,28.0,Gas,None,Van
317,Automatic,2 wheel,Rear,5.3,8.0,17,23.0,Gas,None,Truck
318,Automatic,2 wheel,Rear,3.0,6.0,20,29.0,Gas,Turbo,Convertible
319,Automatic,4 wheel,-1,2.7,6.0,19,24.0,Gas,Turbo,Truck
320,Automatic,All wheel,-1,3.0,6.0,19.0,25.0,Gas,Turbo,Sedan
321,Manual,2 wheel,Rear,3.4,8.0,-1,-1.0,Gas,None,Convertible
322,Automatic,2 wheel,Front,3.5,6.0,18,25.0,Gas,None,Suv-crossover
323,Automatic,2 wheel,Rear,2.4,4.0,19,24.0,Gas,None,Convertible
324,Automatic,4 wheel,-1,5.6,8.0,15,20.0,Gas,None,Truck
325,Automatic,2 wheel,Front,2.5,5.0,18,28.0,Gas,Turbo,Convertible
326,Automatic,2 wheel,Front,3.6,6.0,-1,-1.0,Gas,None,Van
327,Automatic,All wheel,-1,3.0,6.0,18,26.0,Gas,Super,Convertible
328,Automatic,All wheel,-1,1.5,4.0,27,32.0,Gas,Turbo,Suv-crossover
329,Manual,2 wheel,Rear,2.7,6.0,20,29.0,Gas,None,Convertible
330,Manual,2 wheel,Rear,3.4,6.0,20,27.0,Gas,None,Convertible
331,Automatic,2 wheel,Front,3.5,6.0,18,26.0,Gas,None,Sedan
332,Automatic,2 wheel,Front,1.5,4.0,30,38.0,Gas,Turbo,Sedan
333,Automatic,2 wheel,Rear,5.3,8.0,16,21.0,Gas,None,Truck
334,Automatic,2 wheel,Front,3.5,6.0,19,28.0,Gas,None,Van
335,Automatic,2 wheel,Front,3.6,6.0,17,25.0,Flexible,None,Van
336,Automatic,2 wheel,Front,3.5,6.0,19,27.0,Gas,None,Van
337,Automatic,2 wheel,Rear,2.0,4.0,25,32.0,Gas,Turbo,Convertible
338,Automatic,2 wheel,Front,3.6,6.0,17,25.0,Flexible,None,Van
339,Automatic,2 wheel,Front,3.5,6.0,19,28.0,Gas,None,Van
340,Automatic,4 wheel,-1,3.6,6.0,17,22.0,Gas,None,Truck
341,Automatic,2 wheel,Front,3.5,6.0,19,27.0,Gas,None,Van
342,Automatic,2 wheel,Front,3.5,6.0,19,26.0,Gas,None,Van
343,Automatic,2 wheel,Rear,2.0,4.0,26,35.0,Gas,None,Convertible
344,Automatic,All wheel,-1,3.8,6.0,19,24.0,Gas,None,Suv-crossover
345,Automatic,2 wheel,Rear,6.3,8.0,13,19.0,Gas,None,Sedan
346,Automatic,2 wheel,Rear,1.8,4.0,23,32.0,Gas,Turbo,Convertible
347,Automatic,4 wheel,-1,3.5,6.0,19,24.0,Gas,Turbo,Truck
348,Automatic,All wheel,-1,3.6,6.0,18,27.0,Gas,None,Sedan
349,Automatic,2 wheel,Front,2.0,4.0,24,27.0,Flexible,None,Van
350,Automatic,4 wheel,-1,4.0,6.0,17,20.0,Gas,None,Suv-crossover
351,Automatic,2 wheel,Front,1.5,4.0,27,33.0,Gas,Turbo,Suv-crossover
352,Automatic,All wheel,-1,2.0,4.0,21,26.0,Gas,Turbo,Suv-crossover
353,Automatic,4 wheel,-1,3.0,6.0,17,23.0,Flexible,Super,Suv-crossover
354,Automatic,All wheel,-1,3.0,6.0,19,23.0,Gas,Turbo,Suv-crossover
355,Automatic,4 wheel,-1,6.7,8.0,-1,-1.0,Diesel,Turbo,Truck
356,Automatic,2 wheel,Rear,6.2,8.0,14.0,22.0,Gas,None,Sedan
357,Automatic,2 wheel,Front,3.6,6.0,19,28.0,Gas,None,Van
358,Automatic,All wheel,-1,6.0,12.0,11,18.0,Gas,Turbo,Convertible
359,Automatic,2 wheel,Front,3.5,6.0,19,28.0,Gas,None,Van
360,Automatic,2 wheel,Rear,2.5,4.0,20,26.0,Gas,None,Truck
361,Automatic,2 wheel,Rear,3.0,6.0,20,27.0,Gas,Turbo,Convertible
362,Automatic,2 wheel,Front,3.5,6.0,19,27.0,Gas,None,Suv-crossover
363,Automatic,2 wheel,Front,2.0,4.0,31,40.0,Gas,None,Sedan
364,Automatic,2 wheel,Rear,6.0,8.0,11,17.0,Flexible,None,Van
365,Automatic,2 wheel,Front,1.8,4.0,30,38.0,Gas,None,Sedan
366,Automatic,2 wheel,Front,3.6,6.0,19,28.0,Gas,None,Van
367,Automatic,2 wheel,Front,2.0,4.0,26.0,37.0,Gas,Turbo,Sedan
368,Manual,2 wheel,Rear,3.0,6.0,17,26.0,Gas,Turbo,Sedan
369,Automatic,2 wheel,Rear,3.7,6.0,-1,-1.0,Gas,None,Convertible
370,Automatic,4 wheel,-1,2.3,4.0,20,24.0,Gas,Turbo,Truck
371,Automatic,All wheel,-1,2.5,4.0,25,32.0,Gas,None,Suv-crossover
372,Automatic,2 wheel,Rear,3.5,6.0,-1,-1.0,Flexible,None,Van
373,Automatic,All wheel,-1,3.8,6.0,17,24.0,Gas,Turbo,Convertible
374,Automatic,2 wheel,Rear,2.3,4.0,21,26.0,Gas,Turbo,Truck
375,Automatic,4 wheel,-1,3.5,6.0,15,19.0,Gas,Turbo,Suv-crossover
376,Automatic,2 wheel,Front,1.6,4.0,21,24.0,Gas,None,Convertible
377,Automatic,2 wheel,Front,3.5,6.0,19,26.0,Gas,None,Van
378,Automatic,2 wheel,Rear,5.7,8.0,15,22.0,Gas,None,Truck
379,Automatic,4 wheel,-1,6.7,6.0,-1,-1.0,Diesel,Turbo,Truck
380,Automatic,2 wheel,Rear,2.3,4.0,-1,-1.0,Gas,Turbo,Convertible
381,Automatic,4 wheel,-1,3.5,6.0,18,23.0,Gas,None,Truck
382,Automatic,2 wheel,Rear,3.0,6.0,17,24.0,Gas,Turbo,Convertible
383,Manual,All wheel,-1,2.5,4.0,18,24.0,Gas,Turbo,Sedan
384,Automatic,2 wheel,Rear,4.4,8.0,17,24.0,Gas,Turbo,Sedan
385,Automatic,2 wheel,Rear,4.6,8.0,17,24.0,Gas,None,Sedan
386,Automatic,2 wheel,Front,3.6,6.0,19,28.0,Gas,None,Van
387,Automatic,4 wheel,-1,5.7,8.0,-1,-1.0,Gas,None,Truck
388,Automatic,4 wheel,-1,3.5,6.0,18,22.0,Gas,None,Truck
389,Automatic,2 wheel,Rear,2.0,4.0,22.0,30.0,Gas,Turbo,Sedan
390,Automatic,4 wheel,-1,3.5,6.0,15,18.0,Gas,Turbo,Truck
391,Automatic,2 wheel,Front,3.5,6.0,18,25.0,Gas,None,Suv-crossover
392,Automatic,4 wheel,-1,3.6,6.0,18,25.0,Gas,None,Suv-crossover
393,Automatic,All wheel,-1,2.0,4.0,21,28.0,Gas,Turbo,Suv-crossover
394,Automatic,2 wheel,Front,3.5,6.0,19,27.0,Gas,None,Van
395,Automatic,2 wheel,Front,3.5,6.0,18,24.0,Gas,None,Van
396,Automatic,All wheel,-1,2.0,4.0,19,27.0,Gas,Turbo,Sedan
397,Automatic,4 wheel,-1,5.7,8.0,19,24.0,Gas,None,Truck
398,Automatic,2 wheel,Rear,5.7,8.0,15,22.0,Gas,None,Truck
399,Automatic,4 wheel,-1,3.5,6.0,17,23.0,Gas,Turbo,Truck
400,Automatic,4 wheel,-1,2.7,6.0,19,24.0,Gas,Turbo,Truck
401,Automatic,All wheel,-1,2.0,4.0,24,31.0,Gas,Turbo,Sedan
402,Automatic,All wheel,-1,2.5,6.0,20,27.0,Gas,None,Sedan
403,Automatic,4 wheel,-1,6.7,6.0,-1,-1.0,Diesel,Turbo,Truck
404,Automatic,2 wheel,Front,3.5,6.0,19,26.0,Gas,None,Van
405,Automatic,2 wheel,Front,3.5,6.0,22.0,33.0,Gas,None,Sedan
406,Automatic,2 wheel,Front,3.6,6.0,17,25.0,Flexible,None,Van
407,Automatic,All wheel,-1,2.0,4.0,20,25.0,Gas,Turbo,Suv-crossover
408,Manual,2 wheel,Rear,2.0,4.0,27,34.0,Gas,None,Convertible
409,Automatic,2 wheel,Front,3.5,6.0,19,27.0,Gas,None,Suv-crossover
410,Automatic,2 wheel,Front,1.8,4.0,-1,-1.0,Gas,None,Sedan
411,Automatic,2 wheel,Rear,2.0,4.0,20,24.0,Gas,Turbo,Van
412,Automatic,2 wheel,Front,1.5,4.0,30.0,38.0,Gas,Turbo,Sedan
413,Automatic,All wheel,-1,2.0,4.0,22,31.0,Gas,Turbo,Suv-crossover
414,Automatic,2 wheel,Rear,4.0,8.0,17,22.0,Gas,Turbo,Convertible
415,Automatic,2 wheel,Front,1.5,4.0,23,34.0,Gas,Turbo,Sedan
416,Manual,4 wheel,-1,3.6,6.0,17,21.0,Gas,None,Suv-crossover
417,Automatic,2 wheel,Front,3.6,6.0,17,25.0,Flexible,None,Van
418,Automatic,2 wheel,Front,2.5,4.0,25,34.0,Gas,None,Sedan
419,Automatic,2 wheel,Front,3.6,6.0,19,28.0,Gas,None,Van
420,Automatic,All wheel,-1,3.5,6.0,20,27.0,Gas,None,Suv-crossover
421,Automatic,4 wheel,-1,5.7,8.0,13,17.0,Gas,None,Truck
422,Automatic,2 wheel,Front,3.5,6.0,19,27.0,Gas,None,Suv-crossover
423,Automatic,2 wheel,Rear,6.2,8.0,16,27.0,Gas,None,Convertible
424,Automatic,2 wheel,Front,3.6,6.0,17,25.0,Flexible,None,Van
425,Automatic,4 wheel,-1,5.3,8.0,17,22.0,Gas,None,Truck
426,Automatic,All wheel,-1,5.0,8.0,15,23.0,Gas,Super,Convertible
427,Automatic,4 wheel,-1,3.6,6.0,18,25.0,Gas,None,Suv-crossover
428,Automatic,2 wheel,Front,3.5,6.0,19,26.0,Gas,None,Van
429,Automatic,2 wheel,Rear,4.0,6.0,17,21.0,Gas,None,Truck
430,Automatic,2 wheel,Front,3.5,6.0,19,28.0,Gas,None,Van
431,Automatic,2 wheel,Rear,5.7,8.0,15,22.0,Gas,None,Truck
432,Automatic,2 wheel,Front,2.4,4.0,24,34.0,Gas,None,Sedan
433,Automatic,2 wheel,Front,3.5,6.0,19,28.0,Gas,None,Van
434,Automatic,4 wheel,-1,5.7,8.0,14,19.0,Gas,None,Truck
435,Automatic,2 wheel,Rear,6.2,8.0,15,22.0,Gas,None,Suv-crossover
436,Automatic,2 wheel,Front,3.5,6.0,18,25.0,Gas,None,Van
437,Automatic,2 wheel,Front,1.5,4.0,30.0,38.0,Gas,Turbo,Sedan
438,Automatic,2 wheel,Front,3.6,6.0,17,25.0,Flexible,None,Van
439,Automatic,2 wheel,Rear,2.0,4.0,23,35.0,Gas,Turbo,Sedan
440,Manual,2 wheel,Rear,2.0,4.0,27,34.0,Gas,None,Convertible
441,Automatic,2 wheel,Front,1.5,4.0,28,34.0,Gas,Turbo,Suv-crossover
442,Automatic,2 wheel,Rear,4.0,6.0,-1,-1.0,Gas,None,Van
443,Automatic,All wheel,-1,1.5,3.0,26,31.0,Gas,Turbo,Suv-crossover
444,Automatic,All wheel,-1,3.0,6.0,19,26.0,Gas,Turbo,Convertible
445,Manual,4 wheel,-1,3.6,6.0,16,23.0,Gas,None,Truck
446,Manual,2 wheel,Rear,3.0,6.0,16,22.0,Gas,None,Truck
447,Automatic,4 wheel,-1,5.3,8.0,15,21.0,Gas,None,Truck
448,Automatic,2 wheel,Rear,2.3,4.0,21,26.0,Gas,Turbo,Truck
449,Automatic,4 wheel,-1,3.6,6.0,16,20.0,Gas,None,Suv-crossover
450,Automatic,2 wheel,Rear,2.9,6.0,20,29.0,Gas,None,Convertible
451,Automatic,2 wheel,Front,3.6,6.0,19,28.0,Gas,None,Van
452,Manual,2 wheel,Rear,6.2,8.0,16,25.0,Gas,None,Convertible
453,Automatic,2 wheel,Front,3.5,6.0,19,28.0,Gas,None,Van
454,Automatic,2 wheel,Front,3.6,6.0,19,28.0,Gas,None,Van
455,Automatic,2 wheel,Front,2.0,4.0,28,37.0,Gas,None,Sedan
456,Automatic,2 wheel,Front,3.3,6.0,18,24.0,Gas,None,Van
457,Automatic,4 wheel,-1,3.5,6.0,19,22.0,Gas,Turbo,Truck
458,Automatic,2 wheel,Front,1.5,4.0,28,34.0,Gas,Turbo,Suv-crossover
459,Automatic,2 wheel,Rear,4.7,8.0,13,20.0,Gas,None,Convertible
460,Automatic,All wheel,-1,3.0,6.0,20,22.0,Gas,Turbo,Suv-crossover
461,Automatic,All wheel,-1,5.6,8.0,13,19.0,Gas,None,Suv-crossover
462,Automatic,4 wheel,-1,1.5,3.0,25,28.0,Gas,Turbo,Suv-crossover
463,Automatic,4 wheel,-1,6.7,8.0,-1,-1.0,Diesel,Turbo,Truck
464,Automatic,2 wheel,Front,2.0,4.0,24,29.0,Flexible,None,Van
465,Automatic,4 wheel,-1,2.3,4.0,20,24.0,Gas,Turbo,Truck
466,Automatic,2 wheel,Rear,4.5,8.0,13,17.0,Gas,None,Convertible
467,Automatic,All wheel,-1,2.5,4.0,24,30.0,Gas,None,Suv-crossover
468,Automatic,2 wheel,Front,3.5,6.0,19,28.0,Gas,None,Van
469,Automatic,2 wheel,Front,3.5,6.0,19,27.0,Gas,None,Van
470,Automatic,2 wheel,Rear,3.7,6.0,19,27.0,Gas,None,Sedan
471,Automatic,2 wheel,Front,2.0,4.0,41,38.0,Gas,None,Sedan
472,Automatic,All wheel,-1,4.6,8.0,17,24.0,Gas,Turbo,Sedan
473,Automatic,All wheel,-1,3.0,6.0,20.0,28.0,Gas,Turbo,Sedan
474,Automatic,2 wheel,Front,1.6,4.0,22,34.0,Gas,Turbo,Sedan
475,Automatic,4 wheel,-1,5.3,8.0,19,22.0,Gas,None,Truck
476,Automatic,All wheel,-1,3.0,6.0,17,23.0,Gas,Turbo,Suv-crossover
477,Automatic,All wheel,-1,3.6,6.0,18,27.0,Gas,None,Sedan
478,Automatic,2 wheel,Front,2.0,4.0,24,26.0,Gas,None,Van
479,Automatic,2 wheel,Front,3.5,6.0,19,26.0,Gas,None,Van
480,Automatic,2 wheel,Front,1.6,4.0,32.0,40.0,Gas,None,Sedan
481,Automatic,4 wheel,-1,2.7,6.0,19,24.0,Gas,Turbo,Truck
482,Automatic,4 wheel,-1,3.6,6.0,16,18.0,Gas,None,Truck
483,Manual,2 wheel,Front,2.0,4.0,23,32.0,Gas,Turbo,Convertible
484,Manual,2 wheel,Rear,3.7,6.0,19,29.0,Gas,None,Convertible
485,Automatic,2 wheel,Front,3.5,6.0,19,28.0,Gas,None,Van
486,Automatic,2 wheel,Rear,1.4,4.0,25,36.0,Gas,Turbo,Convertible
487,Automatic,All wheel,-1,3.0,6.0,17,23.0,Gas,Turbo,Suv-crossover
488,Automatic,4 wheel,-1,6.7,8.0,-1,-1.0,Diesel,Turbo,Truck
489,Automatic,All wheel,-1,4.0,8.0,14,24.0,Gas,Turbo,Convertible
490,Automatic,2 wheel,Front,3.6,6.0,18,28.0,Gas,None,Van
491,Automatic,2 wheel,Front,3.6,6.0,17,25.0,Flexible,None,Van
492,Automatic,4 wheel,-1,5.7,8.0,19,24.0,Gas,None,Truck
493,Automatic,All wheel,-1,2.0,4.0,21,31.0,Gas,Turbo,Convertible
494,Automatic,4 wheel,-1,3.6,6.0,17,22.0,Gas,None,Truck
495,Automatic,2 wheel,Front,2.0,4.0,22,28.0,Gas,Turbo,Suv-crossover
496,Automatic,2 wheel,Rear,2.7,6.0,19,25.0,Gas,Turbo,Truck
497,Automatic,All wheel,-1,2.5,4.0,24,30.0,Gas,None,Suv-crossover
498,Automatic,2 wheel,Front,3.5,6.0,19,28.0,Gas,None,Van
499,Automatic,2 wheel,Rear,6.6,12.0,12,18.0,Gas,Turbo,Convertible
500,Automatic,2 wheel,Rear,5.7,8.0,17,25.0,Gas,None,Truck
501,Automatic,2 wheel,Rear,3.0,6.0,20,25.0,Diesel,Turbo,Truck
502,Manual,All wheel,-1,2.5,4.0,17,23.0,Gas,Turbo,Sedan
503,Automatic,2 wheel,Front,3.5,6.0,20,27.0,Gas,None,Suv-crossover
504,Automatic,4 wheel,-1,6.7,6.0,-1,-1.0,Diesel,Turbo,Truck
505,Automatic,2 wheel,Front,2.5,4.0,43.0,44.0,Gas,None,Sedan
506,Automatic,4 wheel,-1,3.5,6.0,19,22.0,Gas,Turbo,Truck
507,Automatic,2 wheel,Front,3.6,6.0,19,28.0,Gas,None,Van
508,Automatic,All wheel,-1,2.0,4.0,23,31.0,Gas,Turbo,Suv-crossover
509,Automatic,2 wheel,Rear,6.2,8.0,-1,-1.0,Gas,None,Convertible
510,Automatic,4 wheel,-1,1.5,3.0,25,28.0,Gas,Turbo,Suv-crossover
511,Automatic,2 wheel,Rear,3.6,6.0,-1,-1.0,Gas,None,Convertible
512,Automatic,2 wheel,Front,3.6,6.0,19,28.0,Gas,None,Van
513,Automatic,All wheel,-1,4.7,8.0,16,25.0,Gas,Turbo,Sedan
514,Manual,2 wheel,Rear,2.0,4.0,26,34.0,Gas,None,Convertible
515,Automatic,2 wheel,Front,1.5,4.0,30.0,38.0,Gas,Turbo,Sedan
516,Manual,2 wheel,Rear,2.0,4.0,26,34.0,Gas,None,Convertible
517,Automatic,All wheel,-1,2.5,4.0,25,34.0,Gas,None,Sedan
518,Automatic,2 wheel,Front,3.6,6.0,17,25.0,Flexible,None,Van
519,Automatic,2 wheel,Rear,5.0,8.0,16.0,23.0,Gas,None,Sedan
520,Automatic,2 wheel,Front,3.5,6.0,19,28.0,Gas,None,Van
521,Automatic,2 wheel,Rear,2.0,4.0,22.0,30.0,Gas,Turbo,Sedan
522,Automatic,All wheel,-1,3.6,6.0,17.0,26.0,Gas,None,Sedan
523,Automatic,2 wheel,Front,3.6,6.0,19,28.0,Gas,None,Van
524,Automatic,4 wheel,-1,5.2,10.0,-1,-1.0,Gas,None,Convertible
525,Automatic,All wheel,-1,3.5,6.0,18,26.0,Flexible,None,Sedan
526,Automatic,2 wheel,Front,3.5,6.0,19,27.0,Gas,None,Van
527,Automatic,4 wheel,-1,3.5,6.0,16,22.0,Gas,Turbo,Truck
528,Automatic,4 wheel,-1,2.7,6.0,19,24.0,Gas,Turbo,Truck
529,Automatic,2 wheel,Rear,6.6,12.0,12,19.0,Gas,Turbo,Convertible
530,Automatic,2 wheel,Front,3.6,6.0,18,28.0,Gas,None,Van
531,Automatic,2 wheel,Front,3.5,6.0,19,28.0,Gas,None,Van
532,Manual,All wheel,-1,2.5,4.0,19,25.0,Gas,Turbo,Suv-crossover
533,Automatic,4 wheel,-1,3.5,6.0,19,22.0,Gas,Turbo,Truck
534,Automatic,4 wheel,-1,2.7,6.0,18,23.0,Gas,Turbo,Truck
535,Automatic,4 wheel,-1,5.0,8.0,14,19.0,Gas,Super,Suv-crossover
536,Automatic,2 wheel,Front,2.4,4.0,23,36.0,Gas,None,Sedan
537,Automatic,2 wheel,Rear,4.3,6.0,18,23.0,Flexible,None,Truck
538,Automatic,4 wheel,-1,6.2,8.0,-1,-1.0,Flexible,None,Truck
539,Automatic,2 wheel,Rear,5.7,8.0,20,25.0,Gas,None,Truck
540,Automatic,2 wheel,Rear,4.6,8.0,13,17.0,Flexible,None,Van
541,Automatic,2 wheel,Front,3.6,6.0,17,25.0,Flexible,None,Van
542,Automatic,2 wheel,Rear,2.0,4.0,23,35.0,Gas,Turbo,Sedan
543,Automatic,4 wheel,-1,5.4,8.0,14,20.0,Flexible,None,Truck
544,Automatic,2 wheel,Front,3.5,6.0,18,25.0,Gas,None,Van
545,Automatic,All wheel,-1,2.0,4.0,22.0,32.0,Gas,Turbo,Sedan
546,Automatic,All wheel,-1,4.4,8.0,15.0,21.0,Gas,Turbo,Sedan
547,Automatic,2 wheel,Rear,5.2,10.0,13,18.0,Gas,None,Convertible
548,Automatic,2 wheel,Front,3.5,6.0,18,25.0,Gas,None,Suv-crossover
549,Automatic,2 wheel,Front,3.5,6.0,18.0,27.0,Flexible,None,Sedan
550,Automatic,2 wheel,Front,3.6,6.0,17,25.0,Flexible,None,Van
551,Automatic,All wheel,-1,4.7,8.0,17,26.0,Gas,Turbo,Sedan
552,Automatic,2 wheel,Front,3.5,6.0,21,30.0,Gas,None,Sedan
553,Manual,2 wheel,Rear,-1.0,-1.0,10,16.0,Gas,None,Convertible
554,Automatic,4 wheel,-1,2.7,6.0,19,24.0,Gas,Turbo,Truck
555,Automatic,2 wheel,Front,1.5,4.0,23,30.0,Gas,Turbo,Suv-crossover
556,Automatic,2 wheel,Rear,6.7,6.0,-1,-1.0,Diesel,Turbo,Truck
557,Automatic,2 wheel,Rear,1.8,4.0,21,31.0,Gas,Turbo,Sedan
558,Automatic,2 wheel,Front,3.5,6.0,19,28.0,Gas,None,Van
559,Automatic,2 wheel,Front,1.6,4.0,31,39.0,Gas,None,Sedan
560,Automatic,4 wheel,-1,2.5,4.0,21,27.0,Gas,None,Suv-crossover
561,Automatic,2 wheel,Front,2.5,4.0,24.0,34.0,Gas,None,Sedan
562,Automatic,2 wheel,Front,3.6,6.0,19,28.0,Gas,None,Van
563,Automatic,4 wheel,-1,4.0,6.0,-1,-1.0,Gas,None,Suv-crossover
564,Automatic,2 wheel,Rear,-1.0,-1.0,21,29.0,Gas,None,Convertible
565,Manual,2 wheel,Rear,2.0,4.0,18,24.0,Gas,None,Convertible
566,Automatic,4 wheel,-1,3.6,6.0,16,23.0,Flexible,None,Truck
567,Automatic,2 wheel,Front,1.6,4.0,20,27.0,Gas,Turbo,Convertible
568,Automatic,2 wheel,Rear,4.6,8.0,13,17.0,Gas,None,Van
569,Automatic,All wheel,-1,3.5,6.0,18,24.0,Gas,None,Suv-crossover
570,Automatic,2 wheel,Rear,2.0,4.0,22.0,30.0,Gas,Turbo,Sedan
571,Manual,2 wheel,Front,1.4,4.0,28,34.0,Gas,Turbo,Convertible
572,Automatic,2 wheel,Front,3.6,6.0,32,33.0,Gas,None,Van
573,Automatic,4 wheel,-1,2.4,4.0,22,30.0,Gas,None,Suv-crossover
574,Automatic,2 wheel,Rear,2.3,4.0,-1,-1.0,Gas,Turbo,Convertible
575,Automatic,4 wheel,-1,1.5,3.0,25,28.0,Gas,Turbo,Suv-crossover
576,Automatic,4 wheel,-1,5.7,8.0,19,24.0,Gas,None,Truck
577,Manual,2 wheel,Rear,2.0,4.0,22,33.0,Gas,Turbo,Convertible
578,Manual,2 wheel,Rear,6.2,8.0,17,28.0,Gas,None,Convertible
579,Automatic,2 wheel,Front,3.5,6.0,19,27.0,Gas,None,Van
580,Automatic,2 wheel,Front,1.8,4.0,29.0,37.0,Gas,None,Sedan
581,Automatic,2 wheel,Rear,3.0,6.0,-1,-1.0,Gas,Turbo,Convertible
582,Automatic,2 wheel,Rear,2.0,4.0,23.0,34.0,Gas,Turbo,Sedan
583,Automatic,2 wheel,Rear,2.0,4.0,21,27.0,Gas,Turbo,Suv-crossover
584,Automatic,2 wheel,Rear,2.0,4.0,23.0,34.0,Gas,Turbo,Sedan
585,Automatic,4 wheel,-1,3.6,6.0,18,25.0,Gas,None,Suv-crossover
586,Automatic,All wheel,-1,3.8,6.0,19,24.0,Gas,Turbo,Convertible
587,Automatic,2 wheel,Rear,3.6,6.0,18,25.0,Gas,None,Truck
588,Automatic,All wheel,-1,2.0,4.0,28,33.0,Gas,None,Suv-crossover
589,Automatic,2 wheel,Front,3.6,6.0,18,28.0,Gas,None,Van
590,Automatic,2 wheel,Front,1.0,3.0,27,29.0,Gas,Turbo,Suv-crossover
591,Automatic,2 wheel,Front,2.5,4.0,43.0,44.0,Gas,None,Sedan
592,Automatic,2 wheel,Rear,3.8,8.0,16,23.0,Gas,Turbo,Convertible
593,Automatic,All wheel,-1,2.0,4.0,24,29.0,Gas,Turbo,Suv-crossover
594,Automatic,2 wheel,Front,2.0,4.0,22,28.0,Gas,Turbo,Suv-crossover
595,Automatic,All wheel,-1,3.5,6.0,19,26.0,Gas,None,Sedan
596,Automatic,4 wheel,-1,3.6,6.0,18,25.0,Gas,None,Suv-crossover
597,Automatic,4 wheel,-1,3.5,6.0,16,21.0,Gas,Turbo,Suv-crossover
598,Automatic,4 wheel,-1,5.3,8.0,13,18.0,Flexible,None,Truck
599,Automatic,2 wheel,Rear,2.0,4.0,22,29.0,Gas,Turbo,Sedan
600,Automatic,4 wheel,-1,5.3,8.0,16,22.0,Gas,None,Truck
601,Automatic,All wheel,-1,4.0,8.0,15,23.0,Gas,Turbo,Sedan
602,Automatic,All wheel,-1,3.5,6.0,21,28.0,Gas,None,Suv-crossover
603,Automatic,4 wheel,-1,5.7,8.0,13,17.0,Gas,None,Truck
604,Automatic,2 wheel,Front,1.8,4.0,28,36.0,Gas,None,Sedan
605,Automatic,4 wheel,-1,5.3,8.0,16,22.0,Flexible,None,Truck
606,Automatic,4 wheel,-1,6.2,8.0,15,19.0,Gas,None,Truck
607,Automatic,2 wheel,Front,3.5,6.0,19,27.0,Gas,None,Van
608,Automatic,4 wheel,Rear,3.5,6.0,18,22.0,Gas,None,Truck
609,Automatic,2 wheel,Rear,3.5,6.0,-1,-1.0,Flexible,None,Van
610,Automatic,2 wheel,Rear,2.0,4.0,21,27.0,Gas,None,Convertible
611,Automatic,All wheel,-1,2.0,4.0,24,31.0,Gas,Turbo,Sedan
612,Automatic,2 wheel,Rear,3.8,8.0,15,22.0,Gas,Turbo,Convertible
613,Automatic,2 wheel,Rear,3.0,6.0,19,28.0,Gas,Turbo,Sedan
614,Automatic,All wheel,-1,3.0,6.0,18,27.0,Gas,Super,Sedan
615,Automatic,All wheel,-1,2.0,4.0,23,31.0,Gas,Turbo,Suv-crossover
616,Automatic,4 wheel,-1,2.5,4.0,21,27.0,Gas,None,Suv-crossover
617,Automatic,2 wheel,Front,3.5,6.0,17,24.0,Gas,None,Suv-crossover
618,Automatic,2 wheel,Front,3.6,6.0,17,25.0,Flexible,None,Van
619,Automatic,All wheel,-1,2.0,4.0,21,27.0,Gas,Turbo,Suv-crossover
620,Automatic,2 wheel,Front,3.5,6.0,18,27.0,Gas,None,Van
621,Automatic,4 wheel,-1,6.7,6.0,-1,-1.0,Diesel,Turbo,Truck
622,Automatic,2 wheel,Rear,2.0,4.0,24,32.0,Gas,Turbo,Convertible
623,Manual,2 wheel,Rear,6.2,8.0,16,25.0,Gas,None,Convertible
624,Automatic,2 wheel,Front,2.4,4.0,25.0,35.0,Gas,None,Sedan
625,Automatic,2 wheel,Rear,3.7,6.0,-1,-1.0,Gas,None,Convertible
626,Automatic,4 wheel,-1,3.6,6.0,16,20.0,Gas,None,Suv-crossover
627,Automatic,2 wheel,Front,3.5,6.0,19,27.0,Gas,None,Van
628,Automatic,2 wheel,Rear,3.0,6.0,20,25.0,Diesel,Turbo,Truck
629,Automatic,4 wheel,-1,3.6,6.0,17,24.0,Gas,None,Truck
630,Automatic,All wheel,-1,2.0,4.0,22,31.0,Gas,Turbo,Convertible
631,Automatic,2 wheel,Front,3.6,6.0,19,28.0,Gas,None,Van
632,Automatic,2 wheel,Front,3.6,6.0,32,33.0,Gas,None,Van
633,Automatic,2 wheel,Rear,3.0,6.0,20,28.0,Gas,Super,Convertible
634,Automatic,2 wheel,Front,1.6,4.0,20,27.0,Gas,Turbo,Convertible
635,Automatic,2 wheel,Rear,6.2,8.0,15,22.0,Gas,None,Suv-crossover
636,Automatic,2 wheel,Front,3.8,6.0,18.0,28.0,Gas,Super,Sedan
637,Automatic,4 wheel,-1,3.5,6.0,17,23.0,Flexible,None,Truck
638,Automatic,All wheel,-1,4.0,8.0,12,17.0,Gas,Turbo,Suv-crossover
639,Automatic,2 wheel,Rear,4.6,8.0,18,24.0,Gas,Turbo,Convertible
640,Automatic,2 wheel,Front,3.6,6.0,19,28.0,Gas,None,Van
641,Automatic,4 wheel,-1,6.2,8.0,15,21.0,Gas,None,Suv-crossover
642,Automatic,4 wheel,-1,5.3,8.0,16,22.0,Gas,None,Truck
643,Automatic,All wheel,-1,4.6,8.0,16,23.0,Gas,None,Sedan
644,Automatic,2 wheel,Front,3.5,6.0,19,28.0,Gas,None,Van
645,Automatic,4 wheel,-1,2.3,4.0,20,27.0,Gas,Turbo,Suv-crossover
646,Automatic,2 wheel,Rear,5.7,8.0,-1,-1.0,Gas,None,Truck
647,Automatic,All wheel,-1,2.5,4.0,22,28.0,Gas,None,Suv-crossover
648,Manual,All wheel,-1,2.5,4.0,17,22.0,Gas,Turbo,Sedan
649,Automatic,2 wheel,Rear,2.7,5.0,-1,-1.0,Diesel,Turbo,Van
650,Automatic,All wheel,-1,3.5,6.0,18,25.0,Gas,None,Truck
651,Automatic,2 wheel,Front,3.6,6.0,32,33.0,Gas,None,Van
652,Automatic,4 wheel,-1,6.7,6.0,-1,-1.0,Diesel,Turbo,Truck
653,Automatic,2 wheel,Front,2.5,4.0,29.0,41.0,Gas,None,Sedan
654,Automatic,4 wheel,-1,4.3,6.0,15,20.0,Gas,None,Truck
655,Automatic,2 wheel,Front,1.6,4.0,26,33.0,Gas,Turbo,Convertible
656,Automatic,4 wheel,-1,6.7,6.0,-1,-1.0,Diesel,Turbo,Truck
657,Automatic,2 wheel,Front,2.0,4.0,22,27.0,Gas,Turbo,Suv-crossover
658,Automatic,2 wheel,Rear,5.4,8.0,15,19.0,Gas,None,Truck
659,Automatic,2 wheel,Front,3.6,6.0,18.0,28.0,Flexible,None,Sedan
660,Automatic,2 wheel,Front,2.4,4.0,27.0,36.0,Gas,None,Sedan
661,Automatic,2 wheel,Rear,3.5,6.0,17,24.0,Gas,Turbo,Suv-crossover
662,Manual,2 wheel,Rear,2.0,4.0,21,28.0,Gas,None,Convertible
663,Automatic,All wheel,-1,3.0,6.0,19,29.0,Gas,Super,Sedan
664,Automatic,2 wheel,Rear,3.6,6.0,17,25.0,Flexible,None,Truck
665,Manual,2 wheel,Rear,2.0,4.0,26,33.0,Gas,None,Convertible
666,Automatic,2 wheel,Rear,5.7,8.0,20,25.0,Gas,None,Truck
667,Automatic,2 wheel,Front,1.5,4.0,51.0,45.0,Gas,None,Sedan
668,Automatic,4 wheel,-1,3.5,6.0,18,23.0,Gas,None,Truck
669,Automatic,2 wheel,Rear,5.3,8.0,20,23.0,Gas,None,Truck
670,Automatic,2 wheel,Front,3.6,6.0,17,25.0,Flexible,None,Van
671,Manual,4 wheel,-1,3.4,6.0,17,20.0,Gas,None,Truck
672,Automatic,2 wheel,Rear,6.4,8.0,15,24.0,Gas,None,Sedan
673,Automatic,All wheel,-1,3.0,6.0,18,26.0,Gas,Super,Convertible
674,Automatic,2 wheel,Rear,2.0,4.0,26,36.0,Gas,None,Convertible
675,Automatic,4 wheel,-1,5.7,8.0,13,17.0,Gas,None,Suv-crossover
676,Automatic,2 wheel,Front,3.5,6.0,19,28.0,Gas,None,Van
677,Automatic,2 wheel,Rear,4.7,8.0,13,20.0,Gas,None,Convertible
678,Automatic,2 wheel,Rear,6.0,8.0,-1,-1.0,Flexible,None,Truck
679,Manual,4 wheel,-1,3.6,6.0,17,25.0,Gas,None,Suv-crossover
680,Automatic,All wheel,-1,2.0,4.0,25.0,34.0,Gas,Turbo,Sedan
681,Automatic,All wheel,-1,3.5,6.0,19.0,26.0,Gas,None,Sedan
682,Automatic,2 wheel,Rear,3.7,6.0,-1,-1.0,Flexible,None,Van
683,Manual,2 wheel,Rear,2.0,4.0,27,34.0,Gas,None,Convertible
684,Manual,2 wheel,Rear,2.0,4.0,26,33.0,Gas,None,Convertible
685,Automatic,2 wheel,Front,3.5,6.0,19,27.0,Gas,None,Van
686,Manual,4 wheel,-1,2.7,4.0,18,21.0,Gas,None,Truck
687,Manual,2 wheel,Front,2.4,4.0,22,31.0,Gas,None,Sedan
688,Automatic,4 wheel,-1,3.4,6.0,16,19.0,Gas,None,Truck
689,Automatic,2 wheel,Rear,3.0,6.0,20,27.0,Gas,Turbo,Convertible
690,Automatic,4 wheel,-1,6.6,8.0,-1,-1.0,Gas,None,Truck
691,Automatic,2 wheel,Front,3.6,6.0,17,25.0,Flexible,None,Van
692,Automatic,2 wheel,Front,2.4,4.0,25,35.0,Gas,None,Sedan
693,Automatic,4 wheel,-1,5.7,8.0,16,23.0,Gas,None,Truck
694,Automatic,2 wheel,Front,3.5,6.0,19,27.0,Gas,None,Van
695,Automatic,2 wheel,Front,2.5,4.0,24,34.0,Gas,None,Sedan
696,Automatic,4 wheel,-1,5.3,8.0,16,22.0,Gas,None,Truck
697,Automatic,2 wheel,Front,3.6,6.0,17,25.0,Flexible,None,Van
698,Automatic,All wheel,-1,6.0,12.0,11,18.0,Gas,Turbo,Convertible
699,Automatic,2 wheel,Rear,2.0,4.0,21,27.0,Gas,Turbo,Suv-crossover
700,Automatic,4 wheel,-1,6.4,8.0,-1,-1.0,Gas,None,Truck
701,Automatic,2 wheel,Front,3.5,6.0,21,30.0,Gas,None,Sedan
702,Automatic,2 wheel,Front,3.6,6.0,29,30.0,Gas,None,Van
703,Automatic,2 wheel,Rear,6.3,8.0,14,20.0,Gas,None,Convertible
704,Automatic,2 wheel,Rear,3.5,6.0,16,22.0,Gas,Turbo,Truck
705,Automatic,2 wheel,Rear,3.9,8.0,16,23.0,Gas,Turbo,Convertible
706,Automatic,2 wheel,Front,1.6,4.0,26,33.0,Gas,Turbo,Convertible
707,Automatic,2 wheel,Front,3.5,6.0,19,28.0,Gas,None,Van
708,Automatic,2 wheel,Front,2.5,4.0,22,33.0,Gas,None,Sedan
709,Automatic,2 wheel,Front,2.5,4.0,25,36.0,Gas,None,Sedan
710,Automatic,2 wheel,Rear,5.2,10.0,13,18.0,Gas,None,Convertible
711,Automatic,2 wheel,Front,2.5,4.0,43,44.0,Gas,None,Sedan
712,Automatic,4 wheel,-1,3.5,6.0,18,23.0,Gas,None,Truck
713,Automatic,All wheel,-1,6.5,12.0,10,16.0,Gas,None,Convertible
714,Automatic,2 wheel,Rear,5.7,8.0,15,22.0,Gas,None,Truck
715,Automatic,2 wheel,Front,2.5,4.0,22,29.0,Gas,None,Suv-crossover
716,Automatic,2 wheel,Front,1.5,4.0,30.0,38.0,Gas,Turbo,Sedan
717,Automatic,2 wheel,Front,3.5,6.0,18,25.0,Gas,None,Van
718,Automatic,2 wheel,Front,3.6,6.0,18,28.0,Gas,None,Van
719,Automatic,2 wheel,Rear,3.0,6.0,20,25.0,Diesel,Turbo,Truck
720,Automatic,2 wheel,Rear,3.6,6.0,19,26.0,Gas,None,Suv-crossover
721,Automatic,2 wheel,Rear,2.0,4.0,23,31.0,Gas,Turbo,Convertible
722,Automatic,2 wheel,Rear,5.7,8.0,17,25.0,Gas,None,Truck
723,Automatic,2 wheel,Rear,6.0,12.0,13,20.0,Gas,Turbo,Sedan
724,Automatic,2 wheel,Front,2.0,4.0,22,28.0,Gas,Turbo,Suv-crossover
725,Automatic,2 wheel,Front,3.5,6.0,19,26.0,Gas,None,Suv-crossover
726,Automatic,2 wheel,Rear,2.0,4.0,24,34.0,Gas,Turbo,Convertible
727,Automatic,2 wheel,Front,3.6,6.0,-1,-1.0,Gas,None,Van
728,Automatic,2 wheel,Rear,3.6,6.0,19,28.0,Gas,None,Convertible
729,Automatic,All wheel,-1,2.0,4.0,21,29.0,Flexible,Turbo,Convertible
730,Automatic,4 wheel,-1,3.2,6.0,21,29.0,Gas,None,Suv-crossover
731,Automatic,2 wheel,Front,2.4,4.0,25,30.0,Gas,None,Suv-crossover
732,Automatic,2 wheel,Front,2.0,4.0,31.0,40.0,Gas,None,Sedan
733,Automatic,2 wheel,Rear,5.0,8.0,15,23.0,Gas,None,Sedan
734,Automatic,4 wheel,-1,2.3,4.0,20,24.0,Gas,Turbo,Truck
735,Automatic,All wheel,-1,2.7,6.0,19,26.0,Gas,Turbo,Suv-crossover
736,Automatic,2 wheel,Front,1.4,4.0,28,38.0,Gas,Turbo,Sedan
737,Automatic,2 wheel,Rear,4.3,6.0,15,20.0,Gas,None,Truck
738,Manual,2 wheel,Front,1.6,4.0,27,35.0,Gas,Turbo,Convertible
739,Automatic,2 wheel,Rear,4.4,8.0,14,20.0,Gas,Turbo,Sedan
740,Automatic,All wheel,-1,2.0,4.0,20,29.0,Gas,Turbo,Sedan
741,Automatic,4 wheel,-1,2.0,4.0,21,27.0,Gas,Turbo,Suv-crossover
742,Automatic,4 wheel,-1,4.6,8.0,15,20.0,Gas,None,Suv-crossover
743,Automatic,2 wheel,Front,1.8,4.0,47.0,46.0,Gas,None,Sedan
744,Automatic,2 wheel,Front,3.5,6.0,19,27.0,Gas,None,Sedan
745,Automatic,All wheel,-1,5.0,8.0,15,23.0,Gas,Super,Convertible
746,Automatic,4 wheel,-1,5.7,8.0,15,21.0,Gas,None,Truck
747,Automatic,2 wheel,Rear,6.3,12.0,-1,-1.0,Gas,None,Convertible
748,Automatic,2 wheel,Front,1.5,4.0,28,34.0,Gas,Turbo,Suv-crossover
749,Automatic,All wheel,-1,2.5,4.0,24,31.0,Gas,None,Suv-crossover
750,Automatic,2 wheel,Front,3.6,6.0,19,28.0,Gas,None,Van
751,Automatic,2 wheel,Rear,4.6,8.0,15,22.0,Gas,None,Convertible
752,Automatic,2 wheel,Front,2.0,4.0,25,33.0,Gas,Turbo,Convertible
753,Automatic,2 wheel,Rear,2.0,4.0,24,34.0,Gas,Turbo,Convertible
754,Automatic,4 wheel,-1,3.0,6.0,17,23.0,Gas,Turbo,Suv-crossover
755,Automatic,All wheel,-1,3.0,6.0,17,22.0,Gas,Turbo,Suv-crossover
756,Automatic,2 wheel,Front,2.0,4.0,24,26.0,Gas,None,Van
757,Automatic,2 wheel,Rear,3.0,6.0,20,27.0,Gas,Turbo,Convertible
758,Automatic,2 wheel,Front,2.0,4.0,24.0,37.0,Gas,Turbo,Sedan
759,Manual,2 wheel,Rear,2.0,4.0,26,33.0,Gas,None,Convertible
760,Automatic,2 wheel,Rear,3.8,6.0,-1,-1.0,Gas,None,Convertible
761,Automatic,2 wheel,Front,3.3,6.0,18,24.0,Gas,None,Van
762,Automatic,2 wheel,Front,2.4,4.0,26,35.0,Gas,None,Sedan
763,Automatic,2 wheel,Front,2.0,4.0,31,40.0,Gas,None,Sedan
764,Automatic,2 wheel,Front,2.0,4.0,28,37.0,Gas,None,Sedan
765,Automatic,All wheel,-1,4.6,8.0,16,26.0,Gas,Turbo,Sedan
766,Automatic,4 wheel,-1,5.7,8.0,16,23.0,Gas,None,Truck
767,Automatic,2 wheel,Front,2.8,6.0,15,20.0,Gas,None,Van
768,Automatic,4 wheel,-1,5.3,8.0,17,22.0,Gas,None,Truck
769,Automatic,4 wheel,-1,2.8,4.0,20,28.0,Diesel,Turbo,Truck
770,Automatic,2 wheel,Front,2.0,4.0,30.0,38.0,Gas,None,Sedan
771,Automatic,2 wheel,Rear,2.0,4.0,24.0,34.0,Gas,Turbo,Sedan
772,Automatic,2 wheel,Rear,4.3,6.0,18,24.0,Flexible,None,Truck
773,Automatic,2 wheel,Rear,3.7,6.0,18,25.0,Gas,None,Convertible
774,Automatic,2 wheel,Rear,2.0,4.0,26,35.0,Gas,None,Convertible
775,Automatic,2 wheel,Front,3.5,6.0,19,28.0,Gas,None,Van
776,Automatic,All wheel,-1,2.5,6.0,20,27.0,Gas,None,Sedan
777,Automatic,4 wheel,-1,5.7,8.0,15,21.0,Gas,None,Truck
778,Automatic,2 wheel,Front,2.5,4.0,22,27.0,Gas,None,Suv-crossover
779,Automatic,2 wheel,Rear,2.3,4.0,-1,-1.0,Gas,Turbo,Convertible
780,Automatic,2 wheel,Front,2.4,4.0,21,28.0,Gas,None,Suv-crossover
781,Automatic,All wheel,-1,3.5,6.0,16,23.0,Gas,None,Van
782,Automatic,2 wheel,Rear,3.8,8.0,-1,-1.0,Gas,Turbo,Convertible
783,Automatic,4 wheel,-1,4.0,6.0,16,20.0,Gas,None,Suv-crossover
784,Automatic,2 wheel,Rear,5.4,8.0,12,15.0,Flexible,None,Van
785,Automatic,2 wheel,Front,2.0,4.0,22,28.0,Gas,Turbo,Suv-crossover
786,Automatic,All wheel,-1,2.0,4.0,24,32.0,Flexible,Turbo,Sedan
787,Automatic,2 wheel,Front,2.5,4.0,25,34.0,Gas,None,Sedan
788,Automatic,2 wheel,Front,3.6,6.0,19,28.0,Gas,None,Van
789,Automatic,4 wheel,-1,2.7,6.0,18,20.0,Gas,Turbo,Suv-crossover
790,Automatic,2 wheel,Front,3.6,6.0,29,30.0,Gas,None,Van
791,Automatic,2 wheel,Rear,2.7,4.0,19,25.0,Gas,None,Truck
792,Manual,All wheel,-1,2.5,4.0,17,23.0,Gas,Turbo,Sedan
793,Automatic,All wheel,-1,3.5,6.0,19,26.0,Gas,None,Suv-crossover
794,Automatic,4 wheel,-1,3.8,6.0,-1,-1.0,Gas,None,Suv-crossover
795,Automatic,4 wheel,-1,5.3,8.0,15,20.0,Gas,None,Truck
796,Manual,All wheel,-1,2.5,4.0,17,23.0,Gas,Turbo,Sedan
797,Automatic,2 wheel,Rear,6.2,8.0,12,20.0,Gas,Super,Convertible
798,Automatic,All wheel,-1,2.5,4.0,24,29.0,Gas,None,Suv-crossover
799,Automatic,4 wheel,-1,5.3,8.0,19,22.0,Gas,None,Truck
800,Automatic,2 wheel,Rear,2.7,6.0,20,26.0,Gas,Turbo,Truck
801,Automatic,4 wheel,-1,2.8,4.0,20,28.0,Diesel,Turbo,Truck
802,Automatic,2 wheel,Front,3.2,6.0,16,25.0,Gas,None,Sedan
803,Automatic,4 wheel,-1,6.4,8.0,-1,-1.0,Gas,None,Truck
804,Automatic,2 wheel,Front,3.5,6.0,18,25.0,Gas,None,Van
805,Automatic,2 wheel,Front,3.6,6.0,17,25.0,Flexible,None,Van
806,Automatic,2 wheel,Front,1.8,4.0,29,37.0,Gas,None,Sedan
807,Automatic,2 wheel,Rear,5.0,8.0,-1,-1.0,Gas,None,Convertible
808,Automatic,2 wheel,Front,2.0,4.0,30,38.0,Gas,None,Sedan
809,Automatic,4 wheel,-1,6.2,8.0,14,21.0,Gas,None,Suv-crossover
810,Automatic,4 wheel,-1,5.7,8.0,13,17.0,Gas,None,Truck
811,Automatic,2 wheel,Rear,3.8,6.0,18,28.0,Gas,None,Sedan
812,Automatic,2 wheel,Front,3.6,6.0,19,28.0,Gas,None,Van
813,Automatic,2 wheel,Rear,2.0,4.0,26,35.0,Gas,None,Convertible
814,Automatic,2 wheel,Front,3.6,6.0,19,28.0,Gas,None,Van
815,Automatic,2 wheel,Rear,2.0,4.0,22,28.0,Gas,Turbo,Suv-crossover
816,Manual,4 wheel,-1,3.8,6.0,15,19.0,Gas,None,Suv-crossover
817,Automatic,2 wheel,Rear,3.5,6.0,21,28.0,Gas,None,Convertible
818,Automatic,All wheel,-1,3.0,6.0,19,23.0,Gas,Turbo,Suv-crossover
819,Automatic,2 wheel,Rear,3.9,8.0,16,22.0,Gas,Turbo,Convertible
820,Manual,2 wheel,Rear,3.4,8.0,-1,-1.0,Gas,None,Convertible
821,Automatic,All wheel,-1,2.0,4.0,22,27.0,Gas,Turbo,Suv-crossover
822,Automatic,2 wheel,Front,1.4,4.0,26.0,36.0,Gas,Turbo,Sedan
823,Automatic,2 wheel,Front,3.5,6.0,19,28.0,Gas,None,Van
824,Automatic,2 wheel,Front,2.0,4.0,22.0,32.0,Gas,Turbo,Sedan
825,Automatic,2 wheel,Rear,3.3,6.0,19,25.0,Flexible,None,Truck
826,Automatic,2 wheel,Front,3.5,6.0,22.0,32.0,Gas,None,Sedan
827,Automatic,All wheel,-1,4.4,8.0,15,21.0,Gas,Turbo,Convertible
828,Automatic,All wheel,-1,2.0,4.0,23,31.0,Gas,Turbo,Suv-crossover
829,Automatic,2 wheel,Rear,5.0,8.0,15,25.0,Gas,None,Convertible
830,Automatic,2 wheel,Front,3.6,6.0,17,25.0,Flexible,None,Van
831,Automatic,2 wheel,Front,3.5,6.0,18,25.0,Gas,None,Van
832,Automatic,All wheel,-1,2.0,4.0,21,30.0,Flexible,Turbo,Sedan
833,Automatic,2 wheel,Front,2.4,4.0,22,31.0,Gas,None,Suv-crossover
834,Automatic,2 wheel,Front,3.5,6.0,19,27.0,Gas,None,Van
835,Automatic,2 wheel,Rear,5.4,8.0,13,17.0,Gas,None,Truck
836,Automatic,2 wheel,Front,1.5,4.0,28,34.0,Gas,Turbo,Suv-crossover
837,Automatic,4 wheel,-1,3.5,6.0,16,22.0,Gas,Turbo,Truck
838,Automatic,2 wheel,Front,1.8,4.0,23,34.0,Gas,Turbo,Sedan
839,Automatic,2 wheel,Front,3.6,6.0,19,28.0,Gas,None,Van
840,Automatic,2 wheel,Front,3.6,6.0,17,25.0,Flexible,None,Van
841,Automatic,2 wheel,Rear,1.4,4.0,25,36.0,Gas,Turbo,Convertible
842,Automatic,2 wheel,Rear,3.7,6.0,-1,-1.0,Flexible,None,Van
843,Automatic,2 wheel,Rear,3.0,6.0,20,30.0,Gas,Turbo,Convertible
844,Automatic,2 wheel,Front,3.6,6.0,17,25.0,Flexible,None,Van
845,Automatic,2 wheel,Rear,5.0,8.0,15,24.0,Gas,None,Convertible
846,Automatic,4 wheel,-1,6.6,8.0,-1,-1.0,Gas,None,Truck
847,Automatic,2 wheel,Front,3.3,6.0,18,24.0,Gas,None,Van
848,Automatic,2 wheel,Front,3.5,6.0,20,27.0,Gas,None,Suv-crossover
849,Automatic,4 wheel,-1,2.5,4.0,19,24.0,Gas,None,Truck
850,Automatic,2 wheel,Front,3.5,6.0,19,27.0,Gas,None,Van
851,Automatic,2 wheel,Rear,2.5,4.0,17,23.0,Gas,None,Truck
852,Automatic,2 wheel,Front,2.0,4.0,27,31.0,Gas,None,Suv-crossover
853,Automatic,All wheel,-1,5.5,8.0,12,15.0,Gas,None,Suv-crossover
854,Manual,2 wheel,Rear,2.0,4.0,26,34.0,Gas,None,Convertible
855,Automatic,2 wheel,Rear,3.0,6.0,20,25.0,Diesel,Turbo,Truck
856,Automatic,4 wheel,-1,5.0,8.0,16,21.0,Gas,Super,Suv-crossover
857,Automatic,2 wheel,Front,3.6,6.0,19,28.0,Gas,None,Van
858,Automatic,All wheel,-1,3.7,6.0,17,25.0,Gas,None,Sedan
859,Automatic,2 wheel,Front,2.0,4.0,22,32.0,Gas,Turbo,Sedan
860,Automatic,2 wheel,Front,3.5,6.0,19,27.0,Gas,None,Van
861,Automatic,2 wheel,Front,3.6,6.0,17,24.0,Gas,None,Suv-crossover
862,Automatic,All wheel,-1,2.0,4.0,22,29.0,Gas,Turbo,Sedan
863,Automatic,2 wheel,Rear,4.0,6.0,17,22.0,Gas,None,Suv-crossover
864,Automatic,All wheel,-1,2.0,4.0,21,28.0,Gas,Turbo,Suv-crossover
865,Automatic,2 wheel,Front,3.6,6.0,19,28.0,Gas,None,Van
866,Automatic,All wheel,-1,2.0,4.0,22,32.0,Gas,Turbo,Sedan
867,Automatic,4 wheel,-1,3.6,6.0,17,24.0,Gas,None,Truck
868,Automatic,4 wheel,-1,4.0,6.0,16,19.0,Gas,None,Suv-crossover
869,Automatic,2 wheel,Rear,3.5,6.0,18,24.0,Flexible,None,Truck
870,Automatic,2 wheel,Rear,5.3,8.0,16,23.0,Gas,None,Truck
871,Automatic,2 wheel,Rear,2.0,4.0,21,29.0,Gas,Turbo,Convertible
872,Automatic,All wheel,-1,2.0,4.0,21,33.0,Gas,Turbo,Convertible
873,Automatic,2 wheel,Rear,4.7,8.0,16,24.0,Gas,Turbo,Convertible
874,Automatic,2 wheel,Front,3.6,6.0,19,28.0,Gas,None,Van
875,Automatic,4 wheel,-1,5.3,8.0,16,22.0,Gas,None,Truck
876,Automatic,2 wheel,Front,1.6,4.0,-1,-1.0,Gas,Turbo,Convertible
877,Automatic,2 wheel,Rear,3.7,6.0,-1,-1.0,Flexible,None,Van
878,Automatic,2 wheel,Rear,3.0,6.0,20,29.0,Gas,Turbo,Convertible
879,Automatic,2 wheel,Front,3.5,6.0,18,25.0,Gas,None,Van
880,Automatic,4 wheel,-1,6.7,8.0,-1,-1.0,Diesel,Turbo,Truck
881,Automatic,All wheel,-1,2.0,4.0,19,23.0,Gas,Turbo,Suv-crossover
882,Automatic,All wheel,-1,2.0,4.0,22,30.0,Gas,Turbo,Sedan
883,Automatic,4 wheel,-1,3.5,6.0,17,23.0,Gas,None,Suv-crossover
884,Automatic,2 wheel,Front,3.5,6.0,19,27.0,Gas,None,Sedan
885,Automatic,All wheel,-1,4.7,8.0,17,26.0,Gas,Turbo,Sedan
886,Automatic,2 wheel,Front,3.6,6.0,-1,-1.0,Gas,None,Van
887,Automatic,4 wheel,-1,5.3,8.0,14,18.0,Gas,None,Truck
888,Automatic,All wheel,-1,3.5,6.0,19.0,26.0,Gas,None,Sedan
889,Automatic,2 wheel,Front,3.5,6.0,19,27.0,Gas,None,Suv-crossover
890,Automatic,2 wheel,Front,3.6,6.0,17,25.0,Flexible,None,Van
891,Automatic,All wheel,-1,2.0,4.0,21,28.0,Gas,Turbo,Sedan
892,Automatic,4 wheel,-1,5.3,8.0,15,20.0,Gas,None,Truck
893,Automatic,4 wheel,-1,3.5,6.0,16,22.0,Gas,Turbo,Truck
894,Automatic,All wheel,-1,3.5,6.0,16,24.0,Gas,None,Sedan
895,Automatic,2 wheel,Rear,3.8,8.0,-1,-1.0,Gas,Turbo,Convertible
896,Automatic,2 wheel,Rear,1.8,4.0,23,32.0,Gas,Turbo,Convertible
897,Automatic,4 wheel,Rear,5.7,8.0,13,17.0,Gas,None,Truck
898,Automatic,2 wheel,Front,-1.0,-1.0,17,25.0,Gas,None,Van
899,Automatic,2 wheel,Front,3.5,6.0,18,25.0,Gas,None,Van
900,Automatic,All wheel,-1,3.5,6.0,18,25.0,Gas,None,Truck
901,Automatic,2 wheel,Front,1.5,4.0,28,34.0,Gas,Turbo,Suv-crossover
902,Automatic,2 wheel,Rear,2.0,4.0,24.0,33.0,Gas,Turbo,Sedan
903,Automatic,4 wheel,-1,2.3,4.0,20,24.0,Gas,Turbo,Truck
904,Automatic,2 wheel,Front,3.6,6.0,19,28.0,Gas,None,Van
905,Automatic,2 wheel,Rear,5.3,8.0,15,21.0,Flexible,None,Suv-crossover
906,Automatic,All wheel,-1,5.0,8.0,16.0,22.0,Gas,Super,Sedan
907,Automatic,2 wheel,Front,3.6,6.0,19,28.0,Gas,None,Van
908,Automatic,All wheel,-1,3.5,6.0,19,26.0,Gas,None,Suv-crossover
909,Automatic,2 wheel,Front,3.5,6.0,19,27.0,Gas,None,Suv-crossover
910,Automatic,4 wheel,-1,4.0,6.0,-1,-1.0,Gas,None,Suv-crossover
911,Automatic,2 wheel,Rear,3.0,6.0,24.0,31.0,Gas,Turbo,Sedan
912,Automatic,All wheel,-1,2.0,4.0,25.0,34.0,Gas,Turbo,Sedan
913,Automatic,2 wheel,Front,2.5,5.0,21,27.0,Gas,None,Convertible
914,Automatic,2 wheel,Front,3.7,6.0,18,27.0,Gas,None,Sedan
915,Automatic,2 wheel,Front,3.5,6.0,19,27.0,Gas,None,Van
916,Automatic,All wheel,-1,4.0,8.0,16,26.0,Gas,Turbo,Convertible
917,Automatic,2 wheel,Front,1.6,4.0,31,36.0,Gas,None,Suv-crossover
918,Automatic,2 wheel,Front,2.0,4.0,21,31.0,Gas,Turbo,Sedan
919,Manual,4 wheel,-1,3.6,6.0,17,23.0,Gas,None,Suv-crossover
920,Automatic,2 wheel,Rear,6.2,8.0,-1,-1.0,Gas,None,Convertible
921,Automatic,2 wheel,Rear,3.8,6.0,19,27.0,Gas,None,Sedan
922,Automatic,2 wheel,Rear,5.0,8.0,17,24.0,Flexible,None,Truck
923,Automatic,All wheel,-1,3.7,6.0,18,24.0,Gas,None,Sedan
924,Automatic,2 wheel,Rear,3.7,6.0,-1,-1.0,Gas,None,Van
925,Automatic,All wheel,-1,3.0,6.0,-1,-1.0,Gas,Turbo,Convertible
926,Automatic,2 wheel,Front,1.8,4.0,28,36.0,Gas,None,Sedan
927,Automatic,2 wheel,Front,3.6,6.0,19,28.0,Gas,None,Van
928,Automatic,4 wheel,-1,3.2,6.0,18,24.0,Gas,None,Suv-crossover
929,Automatic,4 wheel,-1,3.3,6.0,15,19.0,Gas,None,Suv-crossover
930,Automatic,2 wheel,Rear,2.0,4.0,22,32.0,Gas,Turbo,Convertible
931,Automatic,All wheel,-1,3.5,6.0,18,22.0,Flexible,None,Suv-crossover
932,Automatic,2 wheel,Front,3.6,6.0,17,24.0,Gas,None,Suv-crossover
933,Automatic,All wheel,-1,4.4,8.0,16,24.0,Gas,Turbo,Sedan
934,Automatic,4 wheel,-1,5.7,8.0,19,24.0,Gas,None,Truck
935,Automatic,2 wheel,Rear,3.5,6.0,19,29.0,Gas,None,Sedan
936,Automatic,2 wheel,Front,2.0,4.0,24.0,37.0,Gas,Turbo,Sedan
937,Automatic,All wheel,-1,3.0,6.0,19,24.0,Gas,Turbo,Suv-crossover
938,Automatic,4 wheel,-1,2.3,4.0,20,24.0,Gas,Turbo,Truck
939,Automatic,2 wheel,Front,2.4,4.0,26,35.0,Gas,None,Sedan
940,Automatic,2 wheel,Front,1.8,4.0,27,35.0,Gas,None,Sedan
941,Automatic,4 wheel,-1,3.5,6.0,18,22.0,Gas,None,Truck
942,Automatic,4 wheel,-1,3.0,6.0,22,28.0,Diesel,Turbo,Truck
943,Automatic,2 wheel,Front,3.6,6.0,17,25.0,Flexible,None,Van
944,Automatic,4 wheel,-1,1.5,3.0,25,28.0,Gas,Turbo,Suv-crossover
945,Automatic,All wheel,-1,2.0,4.0,24,33.0,Gas,Turbo,Convertible
946,Automatic,2 wheel,Front,1.6,4.0,21,29.0,Gas,Turbo,Convertible
947,Automatic,2 wheel,Front,3.5,6.0,19,27.0,Gas,None,Van
948,Automatic,4 wheel,-1,3.0,6.0,16,21.0,Gas,Super,Suv-crossover
949,Automatic,2 wheel,Rear,5.3,8.0,20,23.0,Gas,None,Truck
950,Manual,2 wheel,Rear,2.5,4.0,20,26.0,Gas,None,Truck
951,Automatic,2 wheel,Rear,4.4,8.0,15,23.0,Gas,Turbo,Convertible
952,Automatic,2 wheel,Rear,3.5,6.0,18,24.0,Flexible,None,Truck
953,Automatic,4 wheel,-1,6.7,8.0,-1,-1.0,Diesel,Turbo,Truck
954,Automatic,2 wheel,Front,3.5,6.0,19,27.0,Gas,None,Van
955,Automatic,2 wheel,Rear,2.0,4.0,24,34.0,Gas,Turbo,Sedan
956,Automatic,2 wheel,Front,3.6,6.0,19,28.0,Gas,None,Van
957,Automatic,All wheel,-1,2.0,4.0,23,30.0,Gas,Turbo,Convertible
958,Automatic,2 wheel,Rear,5.3,8.0,15,22.0,Flexible,None,Suv-crossover
959,Automatic,2 wheel,Front,2.0,4.0,21,28.0,Gas,Turbo,Suv-crossover
960,Automatic,2 wheel,Rear,3.9,8.0,15,22.0,Gas,Turbo,Convertible
961,Automatic,2 wheel,Rear,6.2,8.0,-1,-1.0,Gas,None,Convertible
962,Manual,2 wheel,Rear,2.0,4.0,27,34.0,Gas,None,Convertible
963,Automatic,2 wheel,Front,2.4,4.0,26,35.0,Gas,None,Sedan
964,Automatic,All wheel,-1,2.0,4.0,22,31.0,Gas,Turbo,Suv-crossover
965,Automatic,2 wheel,Rear,5.7,8.0,15,22.0,Gas,None,Truck
966,Automatic,2 wheel,Rear,3.0,6.0,20,30.0,Gas,Turbo,Convertible
967,Automatic,2 wheel,Rear,4.3,8.0,11,16.0,Gas,None,Convertible
968,Automatic,4 wheel,-1,5.3,8.0,17,22.0,Gas,None,Truck
969,Automatic,2 wheel,Front,3.6,6.0,19,28.0,Gas,None,Van
970,Manual,4 wheel,-1,3.6,6.0,17,21.0,Gas,None,Suv-crossover
971,Automatic,2 wheel,Front,1.8,4.0,53,52.0,Gas,None,Sedan
972,Automatic,2 wheel,Front,2.4,4.0,20,27.0,Gas,None,Suv-crossover
973,Automatic,2 wheel,Front,3.5,6.0,19,28.0,Gas,None,Van
974,Automatic,2 wheel,Rear,4.7,8.0,13,20.0,Gas,None,Convertible
975,Manual,All wheel,-1,3.6,6.0,15,24.0,Gas,Turbo,Convertible
976,Manual,2 wheel,Rear,7.0,8.0,15,24.0,Gas,None,Convertible
977,Automatic,2 wheel,Front,3.7,6.0,18.0,27.0,Gas,None,Sedan
978,Automatic,4 wheel,-1,3.0,6.0,16,21.0,Gas,Super,Suv-crossover
979,Automatic,2 wheel,Front,3.3,6.0,18,24.0,Gas,None,Van
980,Automatic,2 wheel,Rear,6.4,8.0,-1,-1.0,Gas,None,Truck
981,Automatic,2 wheel,Rear,3.5,6.0,20.0,28.0,Gas,None,Sedan
982,Automatic,2 wheel,Rear,3.0,6.0,21,29.0,Gas,Turbo,Convertible
983,Manual,2 wheel,Rear,2.0,4.0,26,33.0,Gas,None,Convertible
984,Automatic,All wheel,-1,2.0,4.0,19,25.0,Gas,Turbo,Suv-crossover
985,Automatic,All wheel,-1,3.0,6.0,20,30.0,Gas,Turbo,Convertible
986,Automatic,4 wheel,-1,2.5,4.0,21,27.0,Gas,None,Suv-crossover
987,Automatic,4 wheel,-1,3.0,6.0,-1,-1.0,Diesel,Turbo,Van
988,Automatic,2 wheel,Front,1.4,4.0,28.0,38.0,Gas,Turbo,Sedan
989,Automatic,2 wheel,Front,3.3,6.0,18,24.0,Gas,None,Van
990,Automatic,4 wheel,-1,6.2,8.0,16,22.0,Gas,None,Truck
991,Automatic,All wheel,-1,4.0,8.0,12,17.0,Gas,Turbo,Suv-crossover
992,Automatic,2 wheel,Rear,3.0,6.0,20,26.0,Gas,Turbo,Convertible
993,Automatic,4 wheel,-1,3.5,6.0,17,22.0,Gas,Turbo,Suv-crossover
994,Automatic,2 wheel,Front,1.5,4.0,27,36.0,Gas,Turbo,Sedan
995,Manual,All wheel,-1,2.5,4.0,19,25.0,Gas,Turbo,Sedan
996,Automatic,All wheel,-1,6.0,12.0,11,18.0,Gas,Turbo,Convertible
997,Automatic,2 wheel,Rear,3.6,6.0,18,25.0,Gas,None,Truck
998,Automatic,2 wheel,Front,3.6,6.0,17,25.0,Gas,None,Van
999,Automatic,2 wheel,Front,1.5,4.0,30.0,38.0,Gas,Turbo,Sedan
1000,Automatic,4 wheel,-1,3.5,6.0,17,23.0,Gas,Turbo,Truck
1001,Manual,2 wheel,Rear,2.0,4.0,26,34.0,Gas,None,Convertible
1002,Automatic,All wheel,-1,2.0,4.0,20,25.0,Gas,Turbo,Suv-crossover
1003,Automatic,4 wheel,-1,6.7,8.0,-1,-1.0,Diesel,Turbo,Truck
1004,Automatic,2 wheel,Rear,3.0,6.0,20,26.0,Gas,Turbo,Convertible
1005,Automatic,2 wheel,Rear,4.3,6.0,16,21.0,Gas,None,Truck
1006,Automatic,2 wheel,Rear,3.5,6.0,17,23.0,Gas,Turbo,Suv-crossover
1007,Automatic,4 wheel,-1,6.0,8.0,-1,-1.0,Flexible,None,Truck
1008,Automatic,2 wheel,Rear,6.0,8.0,15.0,24.0,Gas,None,Sedan
1009,Automatic,All wheel,-1,2.0,4.0,19,23.0,Gas,Turbo,Suv-crossover
1010,Automatic,All wheel,-1,3.7,6.0,16,23.0,Gas,None,Suv-crossover
1011,Automatic,2 wheel,Rear,2.6,6.0,18,24.0,Gas,None,Sedan
1012,Automatic,2 wheel,Front,2.4,4.0,21,28.0,Gas,None,Van
1013,Automatic,2 wheel,Front,2.5,4.0,26.0,38.0,Gas,None,Sedan
1014,Automatic,2 wheel,Front,1.4,4.0,26,34.0,Gas,Turbo,Sedan
1015,Automatic,2 wheel,Front,3.6,6.0,19,28.0,Gas,None,Van
1016,Automatic,2 wheel,Front,3.6,6.0,17,25.0,Flexible,None,Van
1017,Automatic,All wheel,-1,3.0,6.0,17,22.0,Gas,Turbo,Suv-crossover
1018,Automatic,All wheel,-1,5.0,8.0,15,23.0,Gas,None,Sedan
1019,Automatic,2 wheel,Front,2.4,4.0,22,31.0,Gas,None,Suv-crossover
1020,Automatic,2 wheel,Front,1.6,4.0,20,27.0,Gas,Turbo,Convertible
1021,Automatic,All wheel,-1,2.0,4.0,22,29.0,Gas,Turbo,Truck
1022,Automatic,4 wheel,-1,3.6,6.0,18,25.0,Gas,None,Suv-crossover
1023,Manual,2 wheel,Rear,3.7,6.0,17,24.0,Gas,None,Convertible
1024,Automatic,2 wheel,Front,3.5,6.0,19,26.0,Gas,None,Van
1025,Automatic,2 wheel,Front,1.5,4.0,30.0,38.0,Gas,Turbo,Sedan
1026,Automatic,All wheel,-1,2.5,4.0,25,33.0,Gas,None,Suv-crossover
1027,Automatic,All wheel,-1,2.0,4.0,19,23.0,Gas,Turbo,Suv-crossover
1028,Automatic,2 wheel,Front,3.6,6.0,-1,-1.0,Gas,None,Van
1029,Automatic,2 wheel,Front,3.5,6.0,19,26.0,Gas,None,Van
1030,Automatic,4 wheel,-1,3.0,6.0,22,28.0,Diesel,Turbo,Truck
1031,Automatic,2 wheel,Rear,2.0,4.0,23,32.0,Gas,Turbo,Convertible
1032,Manual,2 wheel,Rear,2.0,4.0,26,34.0,Gas,None,Convertible
1033,Automatic,2 wheel,Rear,3.6,6.0,17,25.0,Gas,None,Truck
1034,Automatic,2 wheel,Front,1.5,4.0,28,34.0,Gas,Turbo,Suv-crossover
1035,Automatic,2 wheel,Rear,3.6,6.0,19,29.0,Gas,None,Convertible
1036,Automatic,4 wheel,-1,4.0,6.0,17,21.0,Gas,None,Suv-crossover
1037,Automatic,2 wheel,Front,3.5,6.0,19,27.0,Gas,None,Suv-crossover
1038,Automatic,2 wheel,Front,2.0,4.0,22,29.0,Gas,Turbo,Suv-crossover
1039,Automatic,All wheel,-1,2.0,4.0,23,32.0,Gas,Turbo,Sedan
1040,Automatic,4 wheel,-1,3.6,6.0,17,24.0,Gas,None,Truck
1041,Automatic,2 wheel,Front,3.5,6.0,16,23.0,Gas,None,Van
1042,Automatic,2 wheel,Front,3.5,6.0,19,28.0,Gas,None,Van
1043,Automatic,2 wheel,Rear,6.2,8.0,16,24.0,Gas,None,Convertible
1044,Automatic,4 wheel,-1,3.0,6.0,18,24.0,Gas,Turbo,Suv-crossover
1045,Automatic,4 wheel,-1,1.5,3.0,25,28.0,Gas,Turbo,Suv-crossover
1046,Automatic,All wheel,-1,6.0,12.0,11,18.0,Gas,Turbo,Convertible
1047,Automatic,2 wheel,Rear,2.0,4.0,22,32.0,Gas,Turbo,Convertible
1048,Automatic,4 wheel,-1,5.7,8.0,19,24.0,Gas,None,Truck
1049,Automatic,2 wheel,Front,2.5,4.0,25,34.0,Gas,None,Sedan
1050,Automatic,2 wheel,Front,3.3,6.0,18,24.0,Gas,None,Van
1051,Automatic,All wheel,-1,2.0,4.0,27,32.0,Gas,None,Suv-crossover
1052,Automatic,2 wheel,Front,3.6,6.0,19,28.0,Gas,None,Van
1053,Automatic,All wheel,-1,2.9,6.0,17,21.0,Gas,Turbo,Suv-crossover
1054,Automatic,2 wheel,Front,2.5,4.0,36,36.0,Gas,None,Van
1055,Automatic,All wheel,-1,1.5,4.0,24,30.0,Gas,Turbo,Suv-crossover
1056,Manual,2 wheel,Rear,4.3,8.0,-1,-1.0,Gas,None,Convertible
1057,Automatic,2 wheel,Front,3.5,6.0,20,27.0,Gas,None,Suv-crossover
1058,Automatic,2 wheel,Front,3.6,6.0,17,25.0,Flexible,None,Van
1059,Automatic,2 wheel,Rear,3.9,8.0,16,23.0,Gas,Turbo,Convertible
1060,Automatic,4 wheel,-1,3.6,6.0,18,25.0,Gas,None,Suv-crossover
1061,Automatic,2 wheel,Front,3.3,6.0,18,24.0,Gas,None,Van
1062,Automatic,4 wheel,-1,2.7,4.0,18,21.0,Gas,None,Truck
1063,Automatic,2 wheel,Front,2.0,4.0,25,34.0,Gas,Turbo,Sedan
1064,Automatic,2 wheel,Rear,3.5,6.0,-1,-1.0,Gas,Turbo,Van
1065,Automatic,2 wheel,Rear,3.9,8.0,16,23.0,Gas,Turbo,Convertible
1066,Automatic,2 wheel,Front,3.6,6.0,19,28.0,Gas,None,Van
1067,Automatic,2 wheel,Rear,5.3,8.0,16,23.0,Gas,None,Truck
1068,Automatic,All wheel,-1,1.8,4.0,26,31.0,Gas,None,Suv-crossover
1069,Automatic,4 wheel,-1,3.6,6.0,16,20.0,Gas,None,Suv-crossover
1070,Automatic,4 wheel,-1,2.3,4.0,20,24.0,Gas,Turbo,Truck
1071,Automatic,2 wheel,Rear,5.0,8.0,-1,-1.0,Gas,None,Convertible
1072,Manual,2 wheel,Rear,1.4,4.0,26,35.0,Gas,Turbo,Convertible
1073,Automatic,2 wheel,Front,3.5,6.0,21,34.0,Gas,None,Sedan
1074,Automatic,2 wheel,Front,3.6,6.0,19,28.0,Gas,None,Van
1075,Automatic,4 wheel,-1,2.5,4.0,21,27.0,Gas,None,Suv-crossover
1076,Automatic,2 wheel,Front,1.4,4.0,30,40.0,Gas,Turbo,Sedan
1077,Automatic,2 wheel,Front,3.5,6.0,18,25.0,Gas,None,Van
1078,Manual,2 wheel,Rear,2.0,4.0,27,34.0,Gas,None,Convertible
1079,Automatic,2 wheel,Rear,2.7,4.0,19,23.0,Gas,None,Truck
1080,Automatic,4 wheel,-1,5.7,8.0,13,17.0,Gas,None,Truck
1081,Automatic,2 wheel,Rear,5.7,8.0,16,25.0,Gas,None,Sedan
1082,Automatic,4 wheel,-1,5.3,8.0,17,22.0,Gas,None,Truck
1083,Automatic,2 wheel,Front,2.4,4.0,21,28.0,Gas,None,Van
1084,Automatic,2 wheel,Front,2.5,4.0,20,27.0,Flexible,None,Van
1085,Automatic,2 wheel,Front,2.4,4.0,24,35.0,Gas,None,Sedan
1086,Automatic,2 wheel,Front,3.5,6.0,19,28.0,Gas,None,Van
1087,Automatic,2 wheel,Rear,3.4,6.0,20,28.0,Gas,None,Convertible
1088,Automatic,All wheel,-1,2.9,6.0,18,22.0,Gas,Turbo,Suv-crossover
1089,Automatic,4 wheel,-1,4.7,8.0,13,17.0,Gas,None,Suv-crossover
1090,Automatic,2 wheel,Rear,5.7,8.0,13,18.0,Gas,None,Truck
1091,Automatic,All wheel,-1,2.5,4.0,24,31.0,Gas,None,Suv-crossover
1092,Automatic,4 wheel,-1,2.7,6.0,19,24.0,Gas,Turbo,Truck
1093,Automatic,2 wheel,Front,1.4,4.0,30.0,40.0,Gas,Turbo,Sedan
1094,Automatic,2 wheel,Front,3.5,6.0,18,25.0,Gas,None,Van
1095,Automatic,2 wheel,Rear,2.0,4.0,21,27.0,Gas,Turbo,Suv-crossover
1096,Automatic,All wheel,-1,2.0,4.0,21,28.0,Gas,Turbo,Suv-crossover
1097,Automatic,2 wheel,Rear,2.0,4.0,24,34.0,Gas,Turbo,Convertible
1098,Automatic,All wheel,-1,1.5,3.0,26,31.0,Gas,Turbo,Suv-crossover
1099,Automatic,4 wheel,-1,6.0,8.0,-1,-1.0,Flexible,None,Truck
1100,Automatic,4 wheel,-1,5.3,8.0,17,22.0,Gas,None,Truck
1101,Automatic,4 wheel,-1,5.7,8.0,16,23.0,Gas,None,Truck
1102,Automatic,2 wheel,Front,3.6,6.0,17,25.0,Gas,None,Van
1103,Automatic,4 wheel,-1,5.3,8.0,16,22.0,Gas,None,Truck
1104,Automatic,2 wheel,Front,3.5,6.0,18,27.0,Gas,None,Van
1105,Automatic,2 wheel,Rear,4.5,8.0,-1,-1.0,Gas,None,Convertible
1106,Automatic,All wheel,-1,2.0,4.0,22,32.0,Gas,Turbo,Convertible
1107,Automatic,2 wheel,Rear,3.0,6.0,17,24.0,Gas,Turbo,Convertible
1108,Automatic,All wheel,-1,2.0,4.0,22,29.0,Gas,Turbo,Suv-crossover
1109,Automatic,2 wheel,Rear,3.9,8.0,16,23.0,Gas,Turbo,Convertible
1110,Automatic,2 wheel,Front,1.8,4.0,28,36.0,Gas,None,Sedan
1111,Automatic,2 wheel,Front,3.5,6.0,20,28.0,Gas,None,Suv-crossover
1112,Automatic,2 wheel,Front,2.0,4.0,30.0,38.0,Gas,None,Sedan
1113,Automatic,2 wheel,Front,3.6,6.0,29,30.0,Gas,None,Van
1114,Automatic,2 wheel,Rear,3.0,6.0,20,29.0,Gas,Turbo,Sedan
1115,Automatic,2 wheel,Front,3.6,6.0,17,25.0,Flexible,None,Van
1116,Automatic,2 wheel,Rear,4.6,8.0,17,26.0,Gas,Turbo,Sedan
1117,Automatic,2 wheel,Rear,5.7,8.0,15,22.0,Gas,None,Truck
1118,Automatic,2 wheel,Rear,4.6,8.0,17,25.0,Gas,Turbo,Convertible
1119,Automatic,2 wheel,Front,3.6,6.0,17,25.0,Flexible,None,Van
1120,Automatic,2 wheel,Front,3.6,6.0,17,23.0,Gas,None,Suv-crossover
1121,Automatic,All wheel,-1,2.0,4.0,21,27.0,Gas,Turbo,Suv-crossover
1122,Automatic,4 wheel,-1,5.3,8.0,15,22.0,Flexible,None,Suv-crossover
1123,Automatic,All wheel,-1,3.0,6.0,16,22.0,Gas,Turbo,Suv-crossover
